Acmaeoblatta,Acmaeoblatta lanceolata,-80.689003,40.414001

Acosmoblatta,Acosmoblatta eakiniana,-80.063004,39.665001

Acosmoblatta,Acosmoblatta permacra,-80.063004,39.665001

Actinoblatta,Actinoblatta bucheti,3.030000,50.453999

Actinoblattula,Actinoblattula brodiei,-2.216667,51.929443

Actinoblattula,Actinoblattula charlesi,32.485001,41.779999

Actinomylacris,Actinomylacris similis,-76.500000,40.625000

Agrabtoblatta,Agrabtoblatta symmetrica,39.340000,-6.870000

Aissoblatta,Aissoblatta brachyna,113.459999,34.160000

Aissoblatta,Aissoblatta concina,104.375000,25.834999

Aissoblatta,Aissoblatta orenburgensis,54.841999,51.882999

Aissoblatta,Aissoblatta parvula,54.841999,51.882999

Aissoblatta,Aissoblatta rossica,54.841999,51.882999

Aiuruocatermes,Aiuruocatermes piovezanae,-44.605000,-21.975000

Amazonina,Amazonina purperae,-44.294998,-19.969999

Amblymylacris,Amblymylacris clintoniana,-93.739998,38.320000

Amblymylacris,Amblymylacris harei,-94.510002,39.040001

Amekeoblatta,Amekeoblatta elegans,54.841999,51.882999

Ametroblatta,Ametroblatta strigosa,-80.689003,40.414001

Amitermes,Amitermes lucidus,-70.750000,19.583332

Amorphoblatta,Amorphoblatta brongniarti,2.750000,46.290001

Anablatta,Anablatta compacta,-69.230003,-32.941113

Anaplecta,Anaplecta,-70.750000,19.583332

Anomomylacris,Anomomylacris cubitalis,-76.391998,40.595001

Anoplotermes,Anoplotermes bohio,-70.750000,19.583332

Anoplotermes,Anoplotermes cacique,-70.750000,19.583332

Anoplotermes,Anoplotermes carib,-70.750000,19.583332

Anoplotermes,Anoplotermes maboya,-70.750000,19.583332

Anoplotermes,Anoplotermes naboria,-70.750000,19.583332

Anoplotermes,Anoplotermes nitaino,-70.750000,19.583332

Anoplotermes,Anoplotermes quisqueya,-70.750000,19.583332

Anoplotermes,Anoplotermes taino,-70.750000,19.583332

Anthracoblattina,Anthracoblattina,10.618889,50.809723

Anthracoblattina,Anthracoblattina archangelskyi,-70.080002,-44.480000

Anthracoblattina,Anthracoblattina arnhardti,7.269722,49.433613

Anthracoblattina,Anthracoblattina didyma,11.800000,51.583000

Anthracoblattina,Anthracoblattina dresdensis,13.593000,51.006001

Anthracoblattina,Anthracoblattina gigantea,2.750000,46.290001

Anthracoblattina,Anthracoblattina lebachensis,6.764000,49.327999

Anthracoblattina,Anthracoblattina meganalis,8.035000,48.459999

Anthracoblattina,Anthracoblattina mendesi,-49.818001,-26.165001

Anthracoblattina,Anthracoblattina porrecta,13.877000,51.053001

Anthracoblattina,Anthracoblattina poryvaikaensis,86.595001,55.169998

Anthracoblattina,Anthracoblattina rueckerti,11.300000,50.294998

Anthracoblattina,Anthracoblattina spectabilis,11.901000,51.637001

Anthracoblattina,Anthracoblattina striata,2.750000,46.290001

Anusoblatta,Anusoblatta recta,109.027000,35.224998

Aphelomylacris,Aphelomylacris modesta,-71.400002,41.799999

Aphthoroblattina,Aphthoroblattina eggintoni,-2.075000,52.549999

Aphthoroblattina,Aphthoroblattina fascigera,-75.813004,41.313000

Aphthoroblattina,Aphthoroblattina irregularis,86.779999,55.130001

Aphthoroblattina,Aphthoroblattina johnsoni,-2.075000,52.549999

Apophthegma,Apophthegma anale,12.150000,50.407001

Apophthegma,Apophthegma saxonicum,12.150000,50.407001

Apophthegma,Apophthegma sterzeli,12.150000,50.407001

Apotypoma,Apotypoma arndti,13.395000,49.814999

Apotypoma,Apotypoma longa,13.200000,49.716000

Apotypoma,Apotypoma platyptera,13.200000,49.716000

Aragonitermes,Aragonitermes teruelensis,-0.800000,40.766666

Archaeotiphe,Archaeotiphe barthelemyi,2.775000,50.419998

Archaeotiphe,Archaeotiphe dalmaisi,2.800000,50.400002

Archaeotiphe,Archaeotiphe didieri,2.800000,50.400002

Archaeotiphe,Archaeotiphe regularis,-2.455000,51.317001

Archaeotiphites,Archaeotiphites captiosus,86.779999,55.130001

Archaeotiphites,Archaeotiphites petroblattinoides,86.779999,55.130001

Archangelskyblatta,Archangelskyblatta vishniakovae,-70.080002,-44.480000

Archeorhinotermes,Archeorhinotermes rossi,96.720001,26.359167

Archimesoblatta,Archimesoblatta altera,99.125000,45.450001

Archimesoblatta,Archimesoblatta kopi,113.239998,51.985001

Archimesoblatta,Archimesoblatta piniformis,99.125000,45.450001

Archimesoblatta,Archimesoblatta tendencia,99.125000,45.450001

Archimulacris,Archimulacris acadica,-62.700001,45.639999

Archimylacridae,Archimylacridae,-105.983330,39.216667

Archimylacridae,Archimylacridae mirabilis,11.800000,51.583000

Archimylacridae,Archimylacridae notabilis,11.800000,51.583000

Archimylacridae,Archimylacridae pelzi,12.745000,50.740002

Archimylacris,Archimylacris,-3.242000,51.652000

Archimylacris,Archimylacris (Etoblattina) hastata,-3.242000,51.652000

Archimylacris,Archimylacris acadica,-62.595001,45.564999

Archimylacris,Archimylacris atrebatica,-4.083000,51.797001

Archimylacris,Archimylacris belgica,3.898000,50.446999

Archimylacris,Archimylacris delicata,-79.361000,39.249001

Archimylacris,Archimylacris desaillyi,2.775000,50.419998

Archimylacris,Archimylacris diensti,6.832222,49.215557

Archimylacris,Archimylacris elbyi,2.775000,50.419998

Archimylacris,Archimylacris incisa,-2.075000,52.549999

Archimylacris,Archimylacris lerichei,2.775000,50.419998

Archimylacris,Archimylacris parallelum,-75.790001,41.360001

Archimylacris,Archimylacris paucinervis,-88.370003,41.330002

Archimylacris,Archimylacris pruvosti,5.999000,50.945000

Archimylacris,Archimylacris scalaris,-3.924000,51.658001

Archimylacris,Archimylacris simoni,2.775000,50.419998

Archimylacris,Archimylacris simoniana,2.775000,50.419998

Archimylacris,Archimylacris venusta,-94.010002,35.737999

Archimylacris,Archimylacris westfalica,6.952000,51.671001

Archimylacris,Archimylacris woodwardi,-3.478000,51.626999

Archoblattina,Archoblattina beecheri,-88.385002,41.340000

Archoblattina,Archoblattina boulei,2.750000,46.290001

Archoblattina,Archoblattina marcellini,4.155000,44.259998

Archoblattina,Archoblattina maxima,4.095000,43.830002

Archoblattina,Archoblattina scudderi,-88.385002,41.340000

Archotermopsis,Archotermopsis tornquisti,19.940001,54.869999

Arcofuzia,Arcofuzia cana,119.238609,41.316387

Ardatermes,Ardatermes kudaludi,35.540001,32.110001

Argentinoblatta,Argentinoblatta,-67.766670,-29.883333

Argentinoblatta,Argentinoblatta herbsti,-67.766670,-29.883333

Argentinoblattula,Argentinoblattula revelata,-67.766670,-29.883333

Arrhythmoblatta,Arrhythmoblatta detecta,-80.063004,39.665001

Arrhythmoblatta,Arrhythmoblatta scudderiana,-80.063004,39.665001

Artitocoblatta,Artitocoblatta gossi,-1.950000,50.599998

Artitocoblatta,Artitocoblatta hispanica,0.890000,42.020000

Asemoblatta,Asemoblatta brongniartiana,2.750000,46.290001

Asemoblatta,Asemoblatta danielsi,-88.385002,41.340000

Asemoblatta,Asemoblatta humenryi,2.775000,50.419998

Asemoblatta,Asemoblatta mazona,-88.385002,41.340000

Asemoblatta,Asemoblatta ovata,-4.063000,51.660999

Asemoblatta,Asemoblatta pennsylvanica,-75.738335,41.369720

Asiatermes,Asiatermes reticulatus,116.080002,39.799999

Asioblatta,Asioblatta punctata,70.001663,42.897221

Atactoblatta,Atactoblatta anomala,-80.689003,40.414001

Atimoblatta,Atimoblatta curvipennis,-75.660004,41.400002

Atimoblatta,Atimoblatta reducta,-80.224998,41.235001

Atlantitermes,Atlantitermes antillea,-70.750000,19.583332

Atlantitermes,Atlantitermes caribea,-70.750000,19.583332

Atlantitermes,Atlantitermes magnoculus,-70.750000,19.583332

Austroblattula,Austroblattula ipsviciensis,152.753998,-27.621000

Austromylacrites,Austromylacrites latus,152.753998,-27.621000

Baissatermes,Baissatermes lapideus,112.089996,53.299999

Balachonoblatta,Balachonoblatta pectininervosa,86.779999,55.130001

Balachonoblatta,Balachonoblatta zheltojarica,86.779999,55.130001

Balatronis,Balatronis cretacea,96.720001,26.359167

Balatronis,Balatronis libanensis,35.724998,33.779999

Barroisiblatta,Barroisiblatta guerrei,2.800000,50.400002

Barroisiblatta,Barroisiblatta jourdani,2.775000,50.419998

Barroisiblatta,Barroisiblatta orieulxi,2.775000,50.419998

Barroisiblatta,Barroisiblatta retroflexa,2.775000,50.419998

Basiblattina,Basiblattina conformis,129.610001,42.650002

Batola,Batola nikolai,-0.694000,45.935001

Bertrandiblatta,Bertrandiblatta inexpectata,4.050000,44.240002

Blaberidae,Blaberidae,6.840000,50.099998

Blaberites,Blaberites rhenana,7.262000,50.747002

Blatta,Blatta,1.690000,44.352001

Blatta,Blatta berendti,19.940001,54.869999

Blatta,Blatta colorata,8.933333,47.666668

Blatta,Blatta gedanensis,18.590000,54.439999

Blatta,Blatta pauperata,7.262000,50.747002

Blatta,Blatta persipicillata,39.340000,-6.870000

Blatta,Blatta sundgaviensis,7.315000,47.709999

Blattapterix,Blattapterix gansu,102.570000,37.889999

Blattella,Blattella lengleti,-0.175000,45.700001

Blattidae,Blattidae,8.750000,49.933334

Blattidium,Blattidium fragile,-52.224998,70.059723

Blattidium,Blattidium molossus,-1.950000,50.605000

Blattidium,Blattidium symyrus,-1.950000,50.605000

Blattina,Blattina (Etoblattina) dyadica,13.877000,51.053001

Blattina,Blattina succinea,19.940001,54.869999

Blattodea,Blattodea,-79.668999,36.540901

Blattoidea,Blattoidea,-1.880849,40.064526

Blattoidea,Blattoidea anceps,-88.385002,41.340000

Blattoidea,Blattoidea carri,-88.385002,41.340000

Blattoidea,Blattoidea juvenis,-95.235001,38.971699

Blattoidea,Blattoidea lobata,12.570000,50.689999

Blattoidea,Blattoidea melanderi,-88.385002,41.340000

Blattoidea,Blattoidea schucherti,-76.394997,40.605000

Blattoidea,Blattoidea schuchertiana,-88.385002,41.340000

Blattoidea,Blattoidea sellardsiana,-88.385002,41.340000

Blattotermes,Blattotermes massiliensis,5.454000,43.523998

Blattotermes,Blattotermes neoxenus,152.835007,-27.605000

Blattotermes,Blattotermes wheeleri,-89.197998,35.037998

Blattula,Blattula,72.128998,40.250000

Blattula,Blattula aberrans,93.169998,56.165001

Blattula,Blattula apicifurca,113.449997,27.350000

Blattula,Blattula brevicaudata,70.001663,42.897221

Blattula,Blattula choutinensis,107.796997,45.591999

Blattula,Blattula colorata,100.309998,54.169998

Blattula,Blattula ctinoida,111.889999,26.490000

Blattula,Blattula cubitalis,100.309998,54.169998

Blattula,Blattula curvula,117.605003,40.959999

Blattula,Blattula delicatula,117.958000,41.150002

Blattula,Blattula discors,113.239998,51.985001

Blattula,Blattula disjuncta,-2.020000,51.090000

Blattula,Blattula dubia,12.065000,53.630001

Blattula,Blattula elongata,72.128998,40.250000

Blattula,Blattula extensa,100.309998,54.169998

Blattula,Blattula geinitzi,12.105000,53.615002

Blattula,Blattula hymena,111.500000,24.459999

Blattula,Blattula iensis,100.309998,54.169998

Blattula,Blattula incompleta,-2.140000,52.060001

Blattula,Blattula intercalata,12.105000,53.615002

Blattula,Blattula isotoma,100.309998,54.169998

Blattula,Blattula kellos,118.324997,40.910000

Blattula,Blattula kiensis,118.059998,31.737499

Blattula,Blattula lanceolata,108.099998,51.270000

Blattula,Blattula langfeldti,10.746000,52.361000

Blattula,Blattula liaoningensis,120.349998,40.966667

Blattula,Blattula mirta,118.324997,40.910000

Blattula,Blattula mongolica,95.793999,44.137001

Blattula,Blattula pachohymena,118.059998,31.737499

Blattula,Blattula piveteaui,32.485001,41.779999

Blattula,Blattula platypa,117.958000,41.150002

Blattula,Blattula prestwichii,-1.950000,50.599998

Blattula,Blattula rudis,116.080002,39.799999

Blattula,Blattula shurabica,69.512001,39.935001

Blattula,Blattula sibirica,93.169998,56.165001

Blattula,Blattula similis,100.309998,54.169998

Blattula,Blattula sincera,111.500000,24.459999

Blattula,Blattula tchakrasensis,32.485001,41.779999

Blattula,Blattula tuodianensis,101.644997,24.725000

Blattula,Blattula turanica,72.128998,40.250000

Blattula,Blattula udensis,111.250000,52.369999

Blattula,Blattula vidlickai,95.776001,44.139000

Blattula,Blattula willmotti,115.230003,-30.260000

Blattula,Blattula zaoshangensis,113.849998,28.014999

Blattulidae,Blattulidae,35.580002,33.570000

Blattulites,Blattulites bilineatus,100.309998,54.169998

Blattulopsis,Blattulopsis popovi,-70.127998,-48.549000

Boltonoblatta,Boltonoblatta pringlei,-2.520000,52.700001

Brachymesoblatta,Brachymesoblatta arcuata,99.125000,45.450001

Brachymylacris,Brachymylacris bassleri,-79.065002,41.160000

Brachymylacris,Brachymylacris elongata,-76.372002,40.639999

Brachymylacris,Brachymylacris martini,-79.385002,39.554001

Brachymylacris,Brachymylacris nodulata,-3.759000,51.715000

Brachymylacris,Brachymylacris rotundata,-76.394997,40.605000

Breviblattina,Breviblattina minor,95.793999,44.137001

Caenoblatta,Caenoblatta angaridensis,85.839996,55.150002

Calcaritermes,Calcaritermes,-92.699997,17.150000

Calcaritermes,Calcaritermes vetus,-92.915001,17.299999

Caloblattina,Caloblattina,99.125000,45.450001

Caloblattina,Caloblattina liasina,-2.216667,51.929443

Caloblattina,Caloblattina mathildae,10.615000,52.314999

Caloblattina,Caloblattina rubens,99.125000,45.450001

Caloblattinidae,Caloblattinidae,-0.694000,45.935001

Cantabritermes,Cantabritermes simplex,-2.720000,42.639999

Caribitermes,Caribitermes hispaniola,-70.750000,19.583332

Cariblatta,Cariblatta,-70.750000,19.583332

Cariblattoides,Cariblattoides labandeirai,-107.949997,39.535000

Carinatermes,Carinatermes nascimbeni,-74.321945,40.465557

Cathayiblatta,Cathayiblatta longata,109.027000,35.224998

Ceratinoptera,Ceratinoptera cruenta,19.940001,54.869999

Ceratinoptera,Ceratinoptera didyma,19.940001,54.869999

Ceratinoptera,Ceratinoptera klebsi,19.940001,54.869999

Ceratinoptera,Ceratinoptera soror,19.940001,54.869999

Chalepomylacris,Chalepomylacris pulchra,-76.394997,40.605000

Chilgatermes,Chilgatermes diamatensis,37.123001,12.512000

Chopardia,Chopardia spinipes,2.900000,46.099998

Colorifuzia,Colorifuzia agenora,119.238609,41.316387

Compsoblatta,Compsoblatta,10.860000,50.680000

Compsoblatta,Compsoblatta anaglyptica,11.800000,51.583000

Compsoblatta,Compsoblatta anthracophila,11.800000,51.583000

Compsoblatta,Compsoblatta couloni,2.750000,46.290001

Compsoblatta,Compsoblatta frankei,7.269722,49.433613

Compsoblatta,Compsoblatta mangoldti,11.951000,51.542999

Compsoblatta,Compsoblatta nobilis,11.800000,51.583000

Compsoblatta,Compsoblatta ovata,2.750000,46.290001

Compsoblatta,Compsoblatta plana,11.800000,51.583000

Compsoblattidae,Compsoblattidae,11.800000,51.583000

Condorblatta,Condorblatta lutzae,-67.766670,-29.883333

Constrictotermes,Constrictotermes electroconstrictus,-70.750000,19.583332

Coptotermes,Coptotermes,-92.699997,17.150000

Coptotermes,Coptotermes hirsutus,-70.750000,19.583332

Coptotermes,Coptotermes paleodominicanus,-70.750000,19.583332

Coptotermes,Coptotermes priscus,-70.750000,19.583332

Coptotermes,Coptotermes sucineus,-92.529999,17.075001

Corydiidae,Corydiidae,-1.950000,50.605000

Cratokalotermes,Cratokalotermes santanensis,-39.700001,-7.125000

Cratomastotermes,Cratomastotermes wolfschwenningeri,-39.700001,-7.125000

Cratovitisma,Cratovitisma oldreadi,-39.700001,-7.125000

Cretacechorista,Cretacechorista qilianshanensis,97.565002,39.750000

Cretaholocompsa,Cretaholocompsa montsecana,0.958000,42.008999

Cretarhinotermes,Cretarhinotermes novaolindense,-39.700001,-7.125000

Cretatermes,Cretatermes carpenteri,-66.745003,54.680000

Cryptotermes,Cryptotermes,-116.833336,34.950001

Cryptotermes,Cryptotermes glaesarius,-70.750000,19.583332

Cryptotermes,Cryptotermes ryshkoffi,-116.809998,34.950001

Cryptotermes,Cryptotermes yamini,-70.750000,19.583332

Ctenoblattina,Ctenoblattina arcta,-1.950000,50.599998

Ctenoblattina,Ctenoblattina dignata,120.754997,41.474998

Cubitoblatta,Cubitoblatta fidelis,105.269997,26.709999

Cyphomylacris,Cyphomylacris atrata,-79.089996,39.541000

Dazhublattella,Dazhublattella lini,107.131943,30.760000

Decomposita,Decomposita triocella,70.001663,42.897221

Delpuenteblatta,Delpuenteblatta dangeloi,-69.230003,-32.941113

Dharmatermes,Dharmatermes avernalis,96.720001,26.360001

Dicladoblatta,Dicladoblatta defossa,-80.063004,39.665001

Dicladoblatta,Dicladoblatta marginata,-105.983330,39.216667

Dictyomylacris,Dictyomylacris,-79.065002,41.160000

Dictyomylacris,Dictyomylacris insignis,2.750000,46.290001

Dictyomylacris,Dictyomylacris jacobsi,2.750000,46.290001

Dictyomylacris,Dictyomylacris multinervis,-95.235001,38.971699

Diechoblattina,Diechoblattina ungeri,-1.965000,50.606667

Diechoblattina,Diechoblattina wallacei,-1.950000,50.599998

Diploptera,Diploptera,114.427498,22.552000

Diploptera,Diploptera gemini,-107.949997,39.535000

Diploptera,Diploptera savba,-107.949997,39.535000

Diploptera,Diploptera vladimir,-107.949997,39.535000

Diplopterinae,Diplopterinae,-120.509720,50.127777

Dipluroblattina,Dipluroblattina bailyi,-1.950000,50.599998

Discoblatta,Discoblatta scholfieldi,-71.364998,41.790001

Distatoblatta,Distatoblatta persistens,-105.983330,39.216667

Divocina,Divocina noci,119.238609,41.316387

Dolichorhinotermes,Dolichorhinotermes apopnus,-92.699997,17.150000

Dolichorhinotermes,Dolichorhinotermes dominicanus,-70.605003,19.549999

Doryblatta,Doryblatta longipennis,-80.689003,40.414001

Dromocites,Dromocites guchengziensis,123.860001,41.834999

Dromocites,Dromocites orbiculigastrulatus,123.900002,41.841999

Drybrookia,Drybrookia cubitalis,-2.514000,51.848000

Durdlestoneia,Durdlestoneia antiqua,-1.965000,50.606667

Dysmenes,Dysmenes illustris,-71.400002,41.799999

Eadia,Eadia aidae,-0.694000,45.935001

Ectobia,Ectobia arverniensis,2.900000,46.099998

Ectobia,Ectobia menatensis,2.900000,46.099998

Ectobiidae,Ectobiidae,6.840000,50.099998

Ectobius,Ectobius,7.525000,47.685001

Ectobius,Ectobius balticus,19.940001,54.869999

Ectobius,Ectobius glabellus,7.262000,50.747002

Ectobius,Ectobius inclusus,19.940001,54.869999

Ectobius,Ectobius kohlsi,-107.949997,39.535000

Elaphroblatta,Elaphroblatta intermedia,2.750000,46.290001

Electrotermes,Electrotermes affinis,19.940001,54.869999

Electrotermes,Electrotermes flecki,2.650000,49.349998

Electrotermes,Electrotermes girardi,19.940001,54.869999

Elisama,Elisama,36.009998,34.250000

Elisama,Elisama brevis,-39.700001,-7.125000

Elisama,Elisama cuboides,120.834999,41.615002

Elisama,Elisama extenuata,120.834999,41.615002

Elisama,Elisama fragmentaria,109.845001,45.353001

Elisama,Elisama grandis,99.125000,45.450001

Elisama,Elisama hindwingnii,-39.700001,-7.125000

Elisama,Elisama incerta,99.125000,45.450001

Elisama,Elisama kneri,-1.980000,51.080002

Elisama,Elisama minor,-1.980000,51.080002

Elisama,Elisama parallela,99.125000,45.450001

Elisama,Elisama pterostigmata,95.776001,44.139000

Elisama,Elisama scudderi,-1.950000,50.599998

Elisama,Elisama tsaganica,99.125000,45.450001

Elisamoides,Elisamoides cantabillingensis,115.230003,-30.260000

Elisamoides,Elisamoides mantiformis,95.776001,44.139000

Elytropterix,Elytropterix magnificiens,99.133888,45.446667

Eneriblatta,Eneriblatta,-8.510000,41.185001

Eneriblatta,Eneriblatta elegantissima,-8.510000,41.185001

Eneriblatta,Eneriblatta gallica,2.830000,46.160000

Eneriblatta,Eneriblatta insignis,-8.510000,41.185001

Eneriblatta,Eneriblatta lusitanica,-8.510000,41.185001

Eneriblatta,Eneriblatta valongensis,-8.510000,41.185001

Entropia,Entropia initialis,119.238609,41.316387

Eolampra,Eolampra longicauda,11.953611,51.321945

Eoplaneta,Eoplaneta desforesti,2.900000,46.099998

Eotermes,Eotermes,-116.790001,46.529999

Eotermes,Eotermes grandaeva,7.262000,50.747002

Eotermes,Eotermes multivenosus,11.953611,51.321945

Epheboblatta,Epheboblatta attenuata,-105.983330,39.216667

Epilampra,Epilampra,11.953611,51.321945

Ergaula,Ergaula atica,35.049999,30.000000

Ergaula,Ergaula stonebut,129.539993,49.555000

Erucoblatta,Erucoblatta semicaeca,-70.750000,19.583332

Etapia,Etapia tomiensis,87.529999,54.490002

Etoblattina,Etoblattina,-71.400002,41.799999

Etoblattina,Etoblattina fulva,-95.235001,38.971699

Etoblattina,Etoblattina obscura,-95.235001,38.971699

Etoblattina,Etoblattina ovata,2.750000,46.290001

Etoblattina,Etoblattina primaeva,6.929000,49.235001

Etoblattina,Etoblattina pygmaea,2.750000,46.290001

Etoblattina,Etoblattina robusta,-99.300003,33.700001

Etoblattina,Etoblattina texana,-99.300003,33.700001

Eublattula,Eublattula crassivena,12.105000,53.615002

Eublattula,Eublattula curvinervis,93.169998,56.165001

Euisoptera,Euisoptera,39.340000,-6.870000

Eumorphoblatta,Eumorphoblatta boulei,2.750000,46.290001

Euryblattula,Euryblattula beipiaoensis,120.595001,41.619999

Euryblattula,Euryblattula chaoyangensis,120.285004,41.570000

Euryblattula,Euryblattula flabelliformis,124.389999,40.935001

Euryblattula,Euryblattula huapenensis,116.010002,40.450001

Euryblattula,Euryblattula lepta,113.449997,27.350000

Euryblattula,Euryblattula lingulata,118.324997,40.910000

Euryblattula,Euryblattula monchis,111.889999,26.490000

Euryblattula,Euryblattula obliqua,113.449997,27.350000

Euryblattula,Euryblattula opima,113.449997,27.350000

Euryblattula,Euryblattula pura,113.449997,27.350000

Euryblattula,Euryblattula sparsa,72.128998,40.250000

Eustegasta,Eustegasta ruficeps,39.340000,-6.870000

Euthlastoblatta,Euthlastoblatta,-70.750000,19.583332

Flabellites,Flabellites latus,13.207222,49.713055

Fonsecablatta,Fonsecablatta patricioi,-43.299999,-20.155001

Fortiblatta,Fortiblatta cuspicolor,119.238609,41.316387

Francotermes,Francotermes bauzilensis,4.682000,44.678001

Friciella,Friciella aurea,13.207222,49.713055

Friedrichsthalia,Friedrichsthalia blatteri,7.095000,49.325001

Fusiblatta,Fusiblatta arcuata,117.605003,40.959999

Fusiblatta,Fusiblatta dongchangtaiensis,125.175003,41.695000

Fuzia,Fuzia dadao,119.238609,41.316387

Garmitermes,Garmitermes succineus,19.940001,54.869999

Ginormotermes,Ginormotermes rex,96.720001,26.360001

Globula,Globula lake,-0.694000,45.935001

Glyptotermes,Glyptotermes grimaldii,-70.750000,19.583332

Glyptotermes,Glyptotermes paleoliberatus,-70.750000,19.583332

Glyptotermes,Glyptotermes pusillus,39.340000,-6.870000

Glyptotermes,Glyptotermes shandongianus,118.714996,36.549999

Glyptotermites,Glyptotermites assmuthi,9.525000,48.574001

Gnathamitermes,Gnathamitermes rousei,-116.825279,34.944168

Gnathotermes,Gnathotermes,-116.833336,34.950001

Gondwablatta,Gondwablatta abrahami,34.883331,32.450001

Gondwanoblatta,Gondwanoblatta reticulata,74.940002,34.060001

Gongyloblatta,Gongyloblatta fritschi,13.207222,49.713055

Goniomylacris,Goniomylacris pauper,-76.394997,40.605000

Graciliblatta,Graciliblatta bella,119.238609,41.316387

Grandocularis,Grandocularis kurnubinsi,35.540001,32.110001

Grypoblattina,Grypoblattina chandesrisi,2.775000,50.419998

Grypoblattina,Grypoblattina phaseolus,2.775000,50.419998

Grypoblattina,Grypoblattina robineti,2.775000,50.419998

Grypoblattites,Grypoblattites flabellatus,86.779999,55.130001

Grypoblattites,Grypoblattites tortuosus,86.779999,55.130001

Gurvanoblatta,Gurvanoblatta ichesnurensis,93.948997,46.377998

Gurvanoblatta,Gurvanoblatta mongolica,93.948997,46.377998

Gyatermes,Gyatermes naganoensis,137.654999,35.227001

Gyatermes,Gyatermes styriensis,15.795833,46.942223

Gyna,Gyna obesa,2.900000,46.099998

Gyroblatta,Gyroblatta clarki,-71.400002,41.799999

Gyroblatta,Gyroblatta scapularis,-71.400002,41.799999

Habroblattula,Habroblattula drepanoides,120.834999,41.615002

Hemimylacrella,Hemimylacrella leptophlebiopsis,86.779999,55.130001

Hemimylacrella,Hemimylacrella mammothi,-76.500000,40.625000

Hemimylacris,Hemimylacris,-62.605000,45.540001

Hemimylacris,Hemimylacris ampla,6.610000,49.049999

Hemimylacris,Hemimylacris bassleri,-79.089996,39.540001

Hemimylacris,Hemimylacris clintoniana,-93.769997,38.360001

Hemimylacris,Hemimylacris convexa,-3.912500,51.707500

Hemimylacris,Hemimylacris ramificata,-76.391998,40.595001

Hermosablatta,Hermosablatta,-67.555000,-29.752001

Hermosablatta,Hermosablatta crassatella,-67.766670,-29.883333

Hermosablatta,Hermosablatta pectinata,-67.766670,-29.883333

Hermosablatta,Hermosablatta pygmaea,-69.113998,-29.080999

Hesperoblatta,Hesperoblatta secunda,96.445000,61.580002

Hesperoblatta,Hesperoblatta vishniakovae,96.445000,61.580002

Heterotermes,Heterotermes,-92.699997,17.150000

Heterotermes,Heterotermes eocenicus,19.940001,54.869999

Heterotermes,Heterotermes primaevus,-92.529999,17.075001

Hispanoblatta,Hispanoblatta sumptuosa,-2.008000,40.126999

Hodotermitidae,Hodotermitidae,18.666668,16.333332

Hodotermopsis,Hodotermopsis iwatensis,140.895004,39.689999

Holocompsa,Holocompsa,-70.750000,19.583332

Holocompsa,Holocompsa abbreviata,-70.750000,19.583332

Holocompsa,Holocompsa nigra,-70.750000,19.583332

Hololampra,Hololampra (Lobolampra) succini,19.940001,54.869999

Homoeogamia,Homoeogamia ventriosa,-105.283333,38.916668

Hongaya,Hongaya elegans,107.129997,20.965000

Hsuopterites,Hsuopterites rotundus,109.839996,35.000000

Huaxiatermes,Huaxiatermes huangi,116.080002,39.799999

Huguenotermes,Huguenotermes septimaniensis,4.180000,44.090000

Idanotermes,Idanotermes desioculus,19.940001,54.869999

Idiomylacris,Idiomylacris gracilis,-76.391998,40.595001

Ignaroblatta,Ignaroblatta,86.779999,55.130001

Ignaroblatta,Ignaroblatta panda,86.779999,55.130001

Ignaroblatta,Ignaroblatta rectisubcosta,86.779999,55.130001

Ignaroblatta,Ignaroblatta sibirica,86.779999,55.130001

Ijablatta,Ijablatta maculata,100.309998,54.169998

Incisitermes,Incisitermes krishnai,-92.529999,17.075001

Incisitermes,Incisitermes peritus,-70.750000,19.583332

Irreblatta,Irreblatta relicta,107.796997,45.591999

Ischnoptera,Ischnoptera,-92.699997,17.150000

Ischnoptera,Ischnoptera brunneri,-105.283333,38.916668

Ischnoptera,Ischnoptera gedanensis,19.940001,54.869999

Ischnoptera,Ischnoptera klebsi,19.940001,54.869999

Ischnoptera,Ischnoptera perplexa,19.940001,54.869999

Ishanablattina,Ishanablattina fodinensis,86.595001,55.169998

Isoplates,Isoplates longipennis,11.953611,51.321945

Isoptera,Isoptera,13.316667,50.200001

Itchetuja,Itchetuja aculeata,87.529999,54.497002

Jantaropterix,Jantaropterix newjersey,-74.321945,40.465557

Jingyuanoblatta,Jingyuanoblatta pluma,104.769997,36.904999

Jitermes,Jitermes tsaii,116.080002,39.799999

Kachinitermes,Kachinitermes tristis,96.720001,26.359167

Kachinitermopsis,Kachinitermopsis burmensis,96.720001,26.359167

Kalotermes,Kalotermes,8.240000,50.040001

Kalotermes,Kalotermes disruptus,-1.360000,50.737999

Kalotermes,Kalotermes fossus,118.714996,36.549999

Kalotermes,Kalotermes nigellus,118.714996,36.549999

Kalotermes,Kalotermes nisus,118.714996,36.549999

Kalotermes,Kalotermes piacentinii,2.900000,46.099998

Kalotermes,Kalotermes rhenanus,7.262000,50.747002

Kalotermitidae,Kalotermitidae,2.650000,49.349998

Karatavoblatta,Karatavoblatta formosa,119.254997,41.169998

Karatavoblatta,Karatavoblatta longicaudata,70.001663,42.897221

Kashmiroblatta,Kashmiroblatta,75.089996,33.875000

Kashmiroblatta,Kashmiroblatta marahomensis,75.089996,33.875000

Kazachiblattina,Kazachiblattina asiatica,70.001663,42.897221

Kebaona,Kebaona obscura,107.330002,21.030001

Kemerowia,Kemerowia kusbassica,87.529999,54.497002

Keuperoblatta,Keuperoblatta thuringica,10.943000,50.956001

Khanitermes,Khanitermes acutipennis,100.680000,46.099998

Kinklidoptera,Kinklidoptera lubnensis,13.700000,50.075001

Kinklidoptera,Kinklidoptera vicina,13.207222,49.713055

Kisylblatta,Kisylblatta unifascia,72.128998,40.250000

Kitjakia,Kitjakia longifurcata,50.747002,56.341999

Kokandoblattina,Kokandoblattina analis,72.128998,40.250000

Kridla,Kridla stastia,132.703003,50.818001

Krishnatermes,Krishnatermes,96.720001,26.359167

Krishnatermes,Krishnatermes yoddha,96.720001,26.359167

Kunguroblattina,Kunguroblattina,10.618889,50.809723

Kunguroblattina,Kunguroblattina arcuata,57.722000,57.027000

Kunguroblattina,Kunguroblattina decora,57.750000,57.799999

Kunguroblattina,Kunguroblattina elongata,64.127998,67.769997

Kunguroblattina,Kunguroblattina latimarginata,64.127998,67.769997

Kunguroblattina,Kunguroblattina microdictya,57.722000,57.027000

Kunguroblattina,Kunguroblattina minima,64.800003,67.949997

Kunguroblattina,Kunguroblattina schmitzi,2.750000,46.290001

Kurablattina,Kurablattina mintajaensis,115.230003,-30.260000

Laiyangia,Laiyangia delicatula,120.669998,36.775002

Laiyangia,Laiyangia paradoxiformis,120.964996,37.049999

Lariojablatta,Lariojablatta chanarensis,-67.816666,-29.833332

Lariojablatta,Lariojablatta neiffi,-69.230003,-32.941113

Latiblatta,Latiblatta lativalvata,70.001663,42.897221

Latiblatta,Latiblatta orientalis,123.860001,41.834999

Latiblatta,Latiblatta spinosa,123.900002,41.841999

Latiblattella,Latiblattella avita,-113.702782,48.391388

Lebanotermes,Lebanotermes veltzae,35.735001,33.805000

Leptoblattina,Leptoblattina exilis,-2.075000,52.549999

Leptolythica,Leptolythica vincenti,-0.694000,45.935001

Liadoblattina,Liadoblattina blakei,10.588000,52.356998

Liadoblattina,Liadoblattina euryptera,100.309998,54.169998

Liadoblattina,Liadoblattina laternoforma,120.833000,41.605000

Liadoblattina,Liadoblattina mongolica,99.125000,45.450001

Liberiblattina,Liberiblattina ihringovae,70.001663,42.897221

Liberiblattinidae,Liberiblattinidae,113.239998,51.985001

Limmatoblatta,Limmatoblatta permensis,53.338001,55.891998

Liparoblatta,Liparoblatta ovata,-80.063004,39.665001

Liparoblatta,Liparoblatta radiata,-80.063004,39.665001

Liroblatta,Liroblatta internata,110.989998,35.985001

Lithoblatta,Lithoblatta lithophila,11.145000,48.910000

Lithomylacris,Lithomylacris ataxica,2.775000,50.419998

Lithomylacris,Lithomylacris gallica,2.775000,50.419998

Livetiblatta,Livetiblatta incerta,4.025000,44.215000

Lutetiatermes,Lutetiatermes,0.260000,47.823002

Lutetiatermes,Lutetiatermes priscus,0.260000,47.823002

Lygobius,Lygobius knowltoni,-110.610001,47.195000

Macaroblattula,Macaroblattula ellipsoides,120.834999,41.615002

Macrotermes,Macrotermes pristinus,15.918000,46.165001

Macrotermes,Macrotermes scheuthlei,4.682000,44.678001

Malmoblattina,Malmoblattina brodiei,-1.950000,50.599998

Malmoblattina,Malmoblattina bucktoni,-1.950000,50.599998

Malmoblattina,Malmoblattina hopei,-1.950000,50.599998

Malmoblattina,Malmoblattina mantelli,-1.950000,50.599998

Malmoblattina,Malmoblattina murrayi,-1.950000,50.599998

Malmoblattina,Malmoblattina peachi,-1.950000,50.599998

Mancusoblatta,Mancusoblatta pulchella,-67.766670,-29.883333

Manipulator,Manipulator modificaputis,96.720001,26.359167

Manoblatta,Manoblatta bertrandi,3.130000,50.355000

Manoblatta,Manoblatta chalardi,2.948056,50.458611

Manoblatta,Manoblatta schmidtii,6.590000,51.493999

Mariconitermes,Mariconitermes talicei,-39.700001,-7.125000

Mastotermes,Mastotermes,5.454000,43.523998

Mastotermes,Mastotermes aethiopicus,39.241390,9.054444

Mastotermes,Mastotermes anglicus,-1.360000,50.737999

Mastotermes,Mastotermes bournemouthensis,-2.090000,50.674999

Mastotermes,Mastotermes croaticus,15.918000,46.165001

Mastotermes,Mastotermes electrodominicus,-70.750000,19.583332

Mastotermes,Mastotermes electromexicus,-92.705002,17.195000

Mastotermes,Mastotermes gallica,5.454000,43.523998

Mastotermes,Mastotermes haidingeri,15.918000,46.165001

Mastotermes,Mastotermes heerii,16.799999,51.028000

Mastotermes,Mastotermes krishnorum,6.840000,50.099998

Mastotermes,Mastotermes minor,15.918000,46.164902

Mastotermes,Mastotermes minutus,2.650000,49.349998

Mastotermes,Mastotermes nepropadyom,113.239998,51.985001

Mastotermes,Mastotermes picardi,5.500000,43.316666

Mastotermes,Mastotermes sarthensis,0.260000,47.823002

Mastotermites,Mastotermites stuttgartensis,9.525000,48.574001

Mastotermitinae,Mastotermitinae,2.650000,49.349998

Megalocerca,Megalocerca longipes,11.145000,48.910000

Meiatermes,Meiatermes araripena,-39.700001,-7.125000

Meiatermes,Meiatermes bertrani,0.958000,42.008999

Meiatermes,Meiatermes hariolus,-39.700001,-7.125000

Melqartitermes,Melqartitermes myrrheus,35.580002,33.540001

Mesitoblatta,Mesitoblatta emersoni,-79.904999,40.490002

Mesitoblattella,Mesitoblattella longipennis,2.775000,50.419998

Mesitoblattella,Mesitoblattella saclieri,2.800000,50.400002

Mesoblattina,Mesoblattina,118.059998,31.737499

Mesoblattina,Mesoblattina anceps,-1.950000,50.605000

Mesoblattina,Mesoblattina angustata,8.233333,47.466667

Mesoblattina,Mesoblattina colominasi,0.890000,42.020000

Mesoblattina,Mesoblattina cretacea,97.800003,39.965000

Mesoblattina,Mesoblattina deichmulleri,11.145000,48.910000

Mesoblattina,Mesoblattina eatoni,-1.950000,50.599998

Mesoblattina,Mesoblattina elongata,-1.950000,50.605000

Mesoblattina,Mesoblattina exigua,-1.950000,50.605000

Mesoblattina,Mesoblattina higginsii,-1.950000,50.599998

Mesoblattina,Mesoblattina kirkbyi,-1.950000,50.599998

Mesoblattina,Mesoblattina kollari,-1.980000,51.080002

Mesoblattina,Mesoblattina minima,-1.950000,50.605000

Mesoblattina,Mesoblattina mongolica,92.800003,48.500000

Mesoblattina,Mesoblattina multivenosa,72.128998,40.250000

Mesoblattina,Mesoblattina murchisoni,-1.950000,50.605000

Mesoblattina,Mesoblattina paucivenose,97.699997,41.669998

Mesoblattina,Mesoblattina protypa,12.105000,53.615002

Mesoblattina,Mesoblattina ramificata,-1.950000,50.605000

Mesoblattina,Mesoblattina recta,-1.980000,51.080002

Mesoblattina,Mesoblattina simplicis,125.175003,41.695000

Mesoblattina,Mesoblattina sinica,120.800003,41.750000

Mesoblattina,Mesoblattina stricklandi,-1.980000,51.080002

Mesoblattina,Mesoblattina swintoni,-1.950000,50.599998

Mesoblattina,Mesoblattina symyrus,-1.950000,50.605000

Mesoblattina,Mesoblattina wanbeiensis,118.059998,31.737499

Mesoblattina,Mesoblattina wuweiensis,102.239998,38.049999

Mesoblattina,Mesoblattina xiangnanensis,113.449997,27.350000

Mesoblattinidae,Mesoblattinidae,-1.440833,52.721390

Mesoblattininae,Mesoblattininae,0.260000,47.823002

Mesoblattopsis,Mesoblattopsis franconica,10.078000,49.653999

Mesoblattopsis,Mesoblattopsis pruvosti,32.485001,41.779999

Mesoblattula,Mesoblattula chengdeensis,118.324997,40.910000

Mesotermopsis,Mesotermopsis incompleta,116.080002,39.799999

Mesotermopsis,Mesotermopsis lata,116.080002,39.799999

Metachorus,Metachorus striolatus,-95.599998,35.099998

Metachorus,Metachorus testudo,-88.230003,41.270000

Metaphyloblatta,Metaphyloblatta nemejci,13.207222,49.713055

Metapoblatta,Metapoblatta microptera,-79.336998,38.623001

Metatermites,Metatermites statzi,9.525000,48.574001

Metaxyblatta,Metaxyblatta gancaoshanensis,110.989998,35.990002

Metaxyblatta,Metaxyblatta gromotuchensis,86.595001,55.169998

Metaxyblatta,Metaxyblatta hadroptera,-75.813004,41.313000

Methana,Methana,145.979980,-38.575363

Miaroblatta,Miaroblatta balachonensis,86.779999,55.130001

Miaroblatta,Miaroblatta elata,2.750000,46.290001

Microcerotermes,Microcerotermes,39.340000,-6.870000

Microcerotermes,Microcerotermes insulanus,-70.750000,19.583332

Microcerotermes,Microcerotermes setosus,-70.750000,19.583332

Mieroblattina,Mieroblattina pacis,35.685001,34.056999

Miotermes,Miotermes insignis,8.933333,47.666668

Miotermes,Miotermes procerus,15.918000,46.165001

Miotermes,Miotermes randeckensis,9.530000,48.570000

Miotermes,Miotermes spectabilis,8.933333,47.666668

Miroblatta,Miroblatta costalis,3.860000,50.424000

Miroblatta,Miroblatta oberstebrinki,7.253000,51.561001

Mongolblatta,Mongolblatta accurata,95.776001,44.139000

Mongolblatta,Mongolblatta sanguinea,113.239998,51.985001

Moravamylacris,Moravamylacris,16.590000,49.520000

Moravamylacris,Moravamylacris kukalovae,10.618889,50.809723

Moravamylacris,Moravamylacris ricanyensis,14.673000,49.986000

Morazatermes,Morazatermes krishnai,-2.720000,42.639999

Morphna,Morphna paleo,130.074997,49.419998

Muelleroblatta,Muelleroblatta camerata,7.030000,49.276001

Mutovia,Mutovia intercalaria,45.619999,60.613998

Mylacridae,Mylacridae,-88.385002,41.340000

Mylacridae,Mylacridae carbonina,-75.878998,41.243000

Mylacridium,Mylacridium berlichi,11.800000,51.583000

Mylacridium,Mylacridium berlichianum,11.800000,51.583000

Mylacridium,Mylacridium brongniarti,11.800000,51.583000

Mylacridium,Mylacridium depressum,11.800000,51.583000

Mylacridium,Mylacridium diversum,11.800000,51.583000

Mylacridium,Mylacridium germari,11.800000,51.583000

Mylacridium,Mylacridium goldenbergi,11.800000,51.583000

Mylacridium,Mylacridium gracile,11.800000,51.583000

Mylacridium,Mylacridium handlirschi,11.800000,51.583000

Mylacridium,Mylacridium incertum,11.800000,51.583000

Mylacridium,Mylacridium jucundum,11.800000,51.583000

Mylacridium,Mylacridium longulum,11.800000,51.583000

Mylacridium,Mylacridium nanum,11.800000,51.583000

Mylacridium,Mylacridium planum,11.800000,51.583000

Mylacridium,Mylacridium pulcrum,11.800000,51.583000

Mylacridium,Mylacridium schroeteri,11.901000,51.637001

Mylacridium,Mylacridium superbum,11.800000,51.583000

Mylacris,Mylacris ampla,-88.385002,41.340000

Mylacris,Mylacris angusta,-75.813004,41.313000

Mylacris,Mylacris anthracophila,-90.800003,40.400002

Mylacris,Mylacris antiqua,-88.385002,41.340000

Mylacris,Mylacris burri,1.236000,51.206001

Mylacris,Mylacris diplodiscus,-88.385002,41.340000

Mylacris,Mylacris dubia,-76.391998,40.595001

Mylacris,Mylacris lapsa,-79.000000,39.000000

Mylacris,Mylacris lucifuga,-75.813004,41.313000

Mylacris,Mylacris morienensis,-59.875000,46.105000

Mylacris,Mylacris ovalis,-80.474998,40.798000

Mylacris,Mylacris pennsylvanica,-80.474998,40.798000

Mylacris,Mylacris sellardsi,-88.385002,41.340000

Mylacris,Mylacris similis,-88.385002,41.340000

Mylacris,Mylacris truncatula,-75.813004,41.313000

Mylacris,Mylacris virginiana,-81.347000,38.487000

Mylacrotermes,Mylacrotermes cordatus,96.720001,26.359167

Namablatta,Namablatta elliptica,39.340000,-6.870000

Nannoblattina,Nannoblattina brodiei,-1.980000,51.080002

Nannoblattina,Nannoblattina petulantia,-2.903611,50.737499

Nannoblattina,Nannoblattina pinna,-1.980000,51.080002

Nannoblattina,Nannoblattina similis,-1.980000,51.080002

Nannoblattina,Nannoblattina woodwardi,-2.020000,51.090000

Nanotermes,Nanotermes isaacae,73.075554,21.356667

Nasutitermes,Nasutitermes,-92.684723,16.541389

Nasutitermes,Nasutitermes amplioculatus,-70.750000,19.583332

Nasutitermes,Nasutitermes crinitus,-70.750000,19.583332

Nasutitermes,Nasutitermes electrinus,-92.716667,17.150000

Nasutitermes,Nasutitermes electronasutus,-70.750000,19.583332

Nasutitermes,Nasutitermes incisus,-70.750000,19.583332

Nasutitermes,Nasutitermes magnocellus,-70.750000,19.583332

Nasutitermes,Nasutitermes medioculatus,-70.750000,19.583332

Nasutitermes,Nasutitermes rotundicephalus,-70.750000,19.583332

Nasutitermes,Nasutitermes seminudus,-70.750000,19.583332

Nearoblatta,Nearoblatta rotundata,-105.983330,39.216667

Necymylacris,Necymylacris heros,-75.790001,41.360001

Necymylacris,Necymylacris lacoana,-75.790001,41.360001

Necymylacris,Necymylacris lerichei,2.750000,46.290001

Necymylacris,Necymylacris meunieri,2.750000,46.290001

Necymylacris,Necymylacris sulcata,-3.242000,51.652000

Nehevblattella,Nehevblattella grofitica,35.049999,30.000000

Neomylacris,Neomylacris major,-75.813004,41.313000

Neomylacris,Neomylacris pulla,-76.391998,40.595001

Neorthroblattina,Neorthroblattina albolineata,-105.983330,39.216667

Neosimplicius,Neosimplicius medialis,-76.391998,40.595001

Neotermes,Neotermes grassei,2.900000,46.099998

Netherea,Netherea haatika,35.049999,30.000000

Nipponoblatta,Nipponoblatta acerba,120.834999,41.615002

Nipponoblatta,Nipponoblatta deformis,113.449997,27.350000

Nipponoblatta,Nipponoblatta suzugaminae,131.000000,34.250000

Nogueroblatta,Nogueroblatta fontllongae,0.958000,42.008999

Nogueroblatta,Nogueroblatta nana,0.890000,42.020000

Nula,Nula sis,5.983333,44.156387

Nuurcala,Nuurcala obesa,120.834999,41.615002

Nuurcala,Nuurcala popovi,99.125000,45.450001

Nuurcala,Nuurcala srneci,101.750000,44.750000

Nyctibora,Nyctibora elongata,7.262000,50.747002

Nyctibora,Nyctibora succinica,19.940001,54.869999

Nymphoblatta,Nymphoblatta azari,36.009998,34.250000

Ocelloblattula,Ocelloblattula ponomarenkoi,35.735001,33.805000

Ocelloblattula,Ocelloblattula santanensis,-39.700001,-7.125000

Oiratia,Oiratia valida,86.019997,55.605000

Olethroblatta,Olethroblatta americana,-76.394997,40.605000

Olethroblatta,Olethroblatta lineolata,-79.089996,39.540001

Olethroblatta,Olethroblatta minuta,6.764000,49.327999

Olethroblatta,Olethroblatta tomiensis,86.595001,55.169998

Oligokalotermes,Oligokalotermes fischeri,5.454000,43.523998

Ophismoblatta,Ophismoblatta sibirica,100.309998,54.169998

Opsiomylacris,Opsiomylacris,10.618889,50.809723

Opsiomylacris,Opsiomylacris (Opsiomylacris) densistriata,10.366000,50.890999

Opsiomylacris,Opsiomylacris (Posteriomylacris) elegans,10.548000,50.845001

Opsiomylacris,Opsiomylacris (Posteriomylacris) postelegans,10.710000,50.712002

Opsiomylacris,Opsiomylacris (Posteriomylacris) preciosa,10.780000,50.540001

Opsiomylacris,Opsiomylacris (Posteriomylacris) proceriformis,10.780000,50.540001

Opsiomylacris,Opsiomylacris densistriata,11.950000,51.634998

Opsiomylacris,Opsiomylacris phyloblattoidea,10.665278,51.585278

Opsiomylacris,Opsiomylacris posthumus,10.717000,50.707001

Opsiomylacris,Opsiomylacris procera,16.355000,49.162998

Opsiomylacris,Opsiomylacris procerus,10.753000,50.639000

Opsiomylacris,Opsiomylacris svitaviensis,16.590000,49.520000

Opsiomylacris,Opsiomylacris thevenini,-9.080000,30.615000

Orbablattula,Orbablattula infrequens,0.958000,42.008999

Orthomylacris,Orthomylacris,5.400000,46.000000

Orthomylacris,Orthomylacris alutacea,-75.813004,41.313000

Orthomylacris,Orthomylacris analis,-75.813004,41.313000

Orthomylacris,Orthomylacris berryi,-79.361000,39.249001

Orthomylacris,Orthomylacris contorta,-88.385002,41.340000

Orthomylacris,Orthomylacris cordiformis,-75.813004,41.313000

Orthomylacris,Orthomylacris delicatula,-3.855000,51.661999

Orthomylacris,Orthomylacris franklini,-79.336998,38.623001

Orthomylacris,Orthomylacris gurleyi,-88.385002,41.340000

Orthomylacris,Orthomylacris hastata,-3.855000,51.720001

Orthomylacris,Orthomylacris heeri,-60.230000,46.250000

Orthomylacris,Orthomylacris mansfieldi,-87.580002,39.970001

Orthomylacris,Orthomylacris mathieui,4.080000,44.169998

Orthomylacris,Orthomylacris pauperata,-75.813004,41.313000

Orthomylacris,Orthomylacris pennsylvaniae,-76.391998,40.595001

Orthomylacris,Orthomylacris pittstoniana,-75.813004,41.313000

Orthomylacris,Orthomylacris pluteus,-75.790001,41.360001

Orthomylacris,Orthomylacris recta,-79.787804,39.680000

Orthomylacris,Orthomylacris rigida,-88.385002,41.340000

Oryctomastax,Oryctomastax duboisi,3.615000,50.455002

Otagotermes,Otagotermes novazealandicus,170.221802,-45.527100

Ottweileria,Ottweileria schmidti,7.114167,49.353611

Oxynoblatta,Oxynoblatta alutacea,-82.419998,38.299999

Oxynoblatta,Oxynoblatta americana,-93.769997,38.360001

Oxynoblatta,Oxynoblatta triangularis,-88.385002,41.340000

Oxynoblatta,Oxynoblatta vicina,-76.372002,40.639999

Paleotermopsis,Paleotermopsis oligocenicus,5.454000,43.523998

Paleovia,Paleovia praecarnia,70.001663,42.897221

Paraeuthyrrhapha,Paraeuthyrrhapha groehni,19.940001,54.869999

Paralatindia,Paralatindia saussurei,-109.505997,41.547001

Parallelophora,Parallelophora acuta,11.953611,51.321945

Parallelophora,Parallelophora anomala,11.953611,51.321945

Parapanorpa,Parapanorpa ungensis,85.839996,55.150002

Parastylotermes,Parastylotermes,-116.833336,34.950001

Parastylotermes,Parastylotermes calico,-116.831947,34.949165

Parastylotermes,Parastylotermes frazieri,-119.080002,34.775002

Parastylotermes,Parastylotermes krishnai,73.075554,21.356667

Parastylotermes,Parastylotermes robustus,19.940001,54.869999

Parastylotermes,Parastylotermes washingtonensis,-117.430000,47.610001

Paratropes,Paratropes fossilis,35.049999,30.000000

Pareinoblatta,Pareinoblatta expuncta,-80.063004,39.665001

Pareinoblatta,Pareinoblatta sellardsi,-88.385002,41.340000

Parelthoblatta,Parelthoblatta straeleni,3.880000,50.437000

Paromylacris,Paromylacris rotunda,-88.385002,41.340000

Paromylacris,Paromylacris thevenini,2.750000,46.290001

Parotermes,Parotermes insignis,-105.283333,38.916668

Parvifuzia,Parvifuzia brava,119.238609,41.316387

Parvifuzia,Parvifuzia marsa,119.238609,41.316387

Parvifuzia,Parvifuzia peregrina,119.238609,41.316387

Parvitermes,Parvitermes longinasus,-70.750000,19.583332

Patrodoron,Patrodoron auspicatum,57.770000,55.580002

Paucineura,Paucineura hsui,110.989998,35.990002

Pedinoblatta,Pedinoblatta,10.089000,50.020000

Pedinoblatta,Pedinoblatta ishidae,131.169998,34.185001

Pedinoblatta,Pedinoblatta stromeri,11.380000,49.367001

Periplaneta,Periplaneta eocaenica,8.750000,49.933334

Periplaneta,Periplaneta houlberti,2.900000,46.099998

Periplaneta,Periplaneta hylecoeta,118.714996,36.549999

Periplaneta,Periplaneta lacera,118.714996,36.549999

Periplaneta,Periplaneta relicta,8.750000,49.933334

Periplaneta,Periplaneta sphodra,118.714996,36.549999

Periplaneta,Periplaneta succinica,19.940001,54.869999

Perlucipecta,Perlucipecta aurea,120.834999,41.615002

Perlucipecta,Perlucipecta santanensis,-39.700001,-7.125000

Perlucipecta,Perlucipecta vrsanskyi,120.834999,41.615002

Permoblattina,Permoblattina curta,-97.280998,36.277000

Permoblattina,Permoblattina permiana,-97.209999,38.639999

Permoponopterix,Permoponopterix lodevensis,3.297000,43.646000

Petropterix,Petropterix alexeevi,99.125000,45.450001

Petropterix,Petropterix kukalovae,96.475998,40.104000

Petropterix,Petropterix mirabilis,99.125000,45.450001

Petropterix,Petropterix sibirix,112.089996,53.299999

Phantocephalus,Phantocephalus meridionalis,118.714996,36.549999

Phauloblatta,Phauloblatta clathrata,10.860000,50.676998

Phthinomylacris,Phthinomylacris medialis,-75.813004,41.313000

Phthinomylacris,Phthinomylacris pauper,-79.065002,41.160000

Phylloblatta,Phylloblatta indecisa,-76.500000,40.625000

Phylloblatta,Phylloblatta latiuscula,53.338001,55.891998

Phylloblatta,Phylloblatta tartarica,53.338001,55.891998

Phyllodromia,Phyllodromia antiqua,19.940001,54.869999

Phyllodromia,Phyllodromia baltica,19.940001,54.869999

Phyllodromia,Phyllodromia furcifera,19.940001,54.869999

Phyllodromia,Phyllodromia germari,19.940001,54.869999

Phyllodromia,Phyllodromia klebsi,19.940001,54.869999

Phyllodromia,Phyllodromia latissima,19.940001,54.869999

Phyllodromia,Phyllodromia lorenzmeyeri,19.940001,54.869999

Phyllodromia,Phyllodromia pristina,19.940001,54.869999

Phyllodromia,Phyllodromia tenacula,19.940001,54.869999

Phyllodromia,Phyllodromia yolanda,19.940001,54.869999

Phyloblatta,Phyloblatta,53.338001,55.891998

Phyloblatta,Phyloblatta (Carbonoblatta) scabrata,110.989998,35.985001

Phyloblatta,Phyloblatta (Carbonoblatta) sinica,110.989998,35.990002

Phyloblatta,Phyloblatta (Phyloblatta) extensa,110.989998,35.985001

Phyloblatta,Phyloblatta (Phyloblatta) lobata,110.989998,35.990002

Phyloblatta,Phyloblatta (Phyloblatta) rara,112.400002,37.830002

Phyloblatta,Phyloblatta (Phyloblatta) rigida,110.989998,35.985001

Phyloblatta,Phyloblatta (Phyloblatta) variata,110.989998,35.990002

Phyloblatta,Phyloblatta (Phyloblatta) xiangningensis,110.989998,35.990002

Phyloblatta,Phyloblatta abbreviata,-80.063004,39.665001

Phyloblatta,Phyloblatta abdicata,-80.063004,39.665001

Phyloblatta,Phyloblatta accubita,-80.063004,39.665001

Phyloblatta,Phyloblatta aliena,86.779999,55.130001

Phyloblatta,Phyloblatta alutacea,2.750000,46.290001

Phyloblatta,Phyloblatta alykaevensis,86.779999,55.130001

Phyloblatta,Phyloblatta amabilis,11.901000,51.637001

Phyloblatta,Phyloblatta angusta,-80.063004,39.665001

Phyloblatta,Phyloblatta angustata,11.800000,51.583000

Phyloblatta,Phyloblatta anonyma,2.750000,46.290001

Phyloblatta,Phyloblatta arcuata,-80.063004,39.665001

Phyloblatta,Phyloblatta arealata,86.779999,55.130001

Phyloblatta,Phyloblatta bertrandi,4.013000,44.242001

Phyloblatta,Phyloblatta biramosa,86.779999,55.130001

Phyloblatta,Phyloblatta brevicubitalis,-95.235001,38.971699

Phyloblatta,Phyloblatta brongniartula,2.750000,46.290001

Phyloblatta,Phyloblatta carbonica,86.779999,55.130001

Phyloblatta,Phyloblatta cassvilleana,-80.063004,39.665001

Phyloblatta,Phyloblatta chunyensis,96.445000,61.580002

Phyloblatta,Phyloblatta communis,-80.063004,39.665001

Phyloblatta,Phyloblatta compacta,-97.209999,38.639999

Phyloblatta,Phyloblatta compactiformis,16.603500,49.458000

Phyloblatta,Phyloblatta concinna,-80.063004,39.665001

Phyloblatta,Phyloblatta curtula,-97.209999,38.639999

Phyloblatta,Phyloblatta curvata,-97.280998,36.277000

Phyloblatta,Phyloblatta curvinervosa,86.779999,55.130001

Phyloblatta,Phyloblatta curviramosa,86.779999,55.130001

Phyloblatta,Phyloblatta debilis,-80.063004,39.665001

Phyloblatta,Phyloblatta deducta,-80.063004,39.665001

Phyloblatta,Phyloblatta deichmuelleriana,13.877000,51.053001

Phyloblatta,Phyloblatta deserta,16.603500,49.458000

Phyloblatta,Phyloblatta dichotoma,-80.063004,39.665001

Phyloblatta,Phyloblatta didierana,2.800000,50.400002

Phyloblatta,Phyloblatta difficilis,11.800000,51.583000

Phyloblatta,Phyloblatta dimidiata,-80.063004,39.665001

Phyloblatta,Phyloblatta disiuncta,16.603500,49.458000

Phyloblatta,Phyloblatta distincta,86.779999,55.130001

Phyloblatta,Phyloblatta diversipennis,-88.385002,41.340000

Phyloblatta,Phyloblatta dubia,86.779999,55.130001

Phyloblatta,Phyloblatta elatior,-80.063004,39.665001

Phyloblatta,Phyloblatta expugnata,-80.063004,39.665001

Phyloblatta,Phyloblatta expulsata,-80.063004,39.665001

Phyloblatta,Phyloblatta exsecuta,-80.063004,39.665001

Phyloblatta,Phyloblatta fera,11.901000,51.637001

Phyloblatta,Phyloblatta flabellata,11.901000,51.637001

Phyloblatta,Phyloblatta fontanensis,4.095000,43.830002

Phyloblatta,Phyloblatta fracta,-80.063004,39.665001

Phyloblatta,Phyloblatta fritschiana,11.800000,51.583000

Phyloblatta,Phyloblatta fritschii,10.860000,50.676998

Phyloblatta,Phyloblatta fulvana,-95.235001,38.971699

Phyloblatta,Phyloblatta fulvella,-95.235001,38.971699

Phyloblatta,Phyloblatta funeraria,-80.063004,39.665001

Phyloblatta,Phyloblatta furcatella,86.779999,55.130001

Phyloblatta,Phyloblatta fusca,-95.235001,38.971699

Phyloblatta,Phyloblatta gaudryi,2.750000,46.290001

Phyloblatta,Phyloblatta geinitzi,11.901000,51.637001

Phyloblatta,Phyloblatta germana,11.800000,51.583000

Phyloblatta,Phyloblatta gigantea,7.705000,49.764999

Phyloblatta,Phyloblatta gimmi,10.860000,50.676998

Phyloblatta,Phyloblatta gratiosa,-80.063004,39.665001

Phyloblatta,Phyloblatta grimaldii,-79.668999,36.540901

Phyloblatta,Phyloblatta grosjeani,4.155000,44.259998

Phyloblatta,Phyloblatta henneni,2.750000,46.290001

Phyloblatta,Phyloblatta hilliana,-88.385002,41.340000

Phyloblatta,Phyloblatta immolata,-80.063004,39.665001

Phyloblatta,Phyloblatta imperfecta,-80.063004,39.665001

Phyloblatta,Phyloblatta incerta,11.901000,51.637001

Phyloblatta,Phyloblatta indistincta,86.779999,55.130001

Phyloblatta,Phyloblatta irregularis,11.901000,51.637001

Phyloblatta,Phyloblatta jeffersoniana,-80.689003,40.414001

Phyloblatta,Phyloblatta kansasia,-95.235001,38.971699

Phyloblatta,Phyloblatta khalfini,86.779999,55.130001

Phyloblatta,Phyloblatta kuznetskiensis,86.779999,55.130001

Phyloblatta,Phyloblatta langei,-50.450001,-25.372999

Phyloblatta,Phyloblatta lata,86.595001,55.169998

Phyloblatta,Phyloblatta latebricola,-71.370003,41.799999

Phyloblatta,Phyloblatta lawrenceana,-95.235001,38.971699

Phyloblatta,Phyloblatta levis,11.800000,51.583000

Phyloblatta,Phyloblatta lineata,86.779999,55.130001

Phyloblatta,Phyloblatta lugubris,-95.235001,38.971699

Phyloblatta,Phyloblatta macerata,-80.063004,39.665001

Phyloblatta,Phyloblatta macilenta,-80.063004,39.665001

Phyloblatta,Phyloblatta macroptera,-80.063004,39.665001

Phyloblatta,Phyloblatta mactata,-80.063004,39.665001

Phyloblatta,Phyloblatta magna,-95.235001,38.971699

Phyloblatta,Phyloblatta majuscula,96.445000,61.580002

Phyloblatta,Phyloblatta mala,86.595001,55.169998

Phyloblatta,Phyloblatta manca,11.901000,51.637001

Phyloblatta,Phyloblatta manebachensis,10.860000,50.676998

Phyloblatta,Phyloblatta martiusana,11.800000,51.583000

Phyloblatta,Phyloblatta meieri,-105.983330,39.216667

Phyloblatta,Phyloblatta mortua,-80.063004,39.665001

Phyloblatta,Phyloblatta multinervosa,86.779999,55.130001

Phyloblatta,Phyloblatta munda,11.800000,51.583000

Phyloblatta,Phyloblatta obatra,-80.063004,39.665001

Phyloblatta,Phyloblatta obliqua,16.599001,49.507999

Phyloblatta,Phyloblatta obscurella,2.750000,46.290001

Phyloblatta,Phyloblatta obsoleta,11.800000,51.583000

Phyloblatta,Phyloblatta occidentalis,-95.250000,38.959999

Phyloblatta,Phyloblatta oliveirai,-50.450001,-25.372999

Phyloblatta,Phyloblatta parva,2.750000,46.290001

Phyloblatta,Phyloblatta parviradia,113.108002,34.715000

Phyloblatta,Phyloblatta paulitransversinervis,84.724998,55.070000

Phyloblatta,Phyloblatta pauloi,-50.450001,-25.372999

Phyloblatta,Phyloblatta perangusta,2.800000,50.400002

Phyloblatta,Phyloblatta picturata,84.724998,55.070000

Phyloblatta,Phyloblatta portuensis,-8.510000,41.185001

Phyloblatta,Phyloblatta praecompacta,16.603500,49.458000

Phyloblatta,Phyloblatta praecurvata,16.603500,49.458000

Phyloblatta,Phyloblatta praedulcis,-80.063004,39.665001

Phyloblatta,Phyloblatta prior,-76.500000,40.625000

Phyloblatta,Phyloblatta propinqua,86.779999,55.130001

Phyloblatta,Phyloblatta purkynei,13.207222,49.713055

Phyloblatta,Phyloblatta rebaptizata,-80.063004,39.665001

Phyloblatta,Phyloblatta regularis,-80.063004,39.665001

Phyloblatta,Phyloblatta reniformis,2.750000,46.290001

Phyloblatta,Phyloblatta residua,-80.063004,39.665001

Phyloblatta,Phyloblatta resitensis,21.980000,45.270000

Phyloblatta,Phyloblatta rogi,-80.063004,39.665001

Phyloblatta,Phyloblatta rosasi,-8.510000,41.185001

Phyloblatta,Phyloblatta roxoi,-50.450001,-25.372999

Phyloblatta,Phyloblatta savagei,-95.235001,38.971699

Phyloblatta,Phyloblatta schusteri,7.800000,49.563999

Phyloblatta,Phyloblatta scudderiana,-80.063004,39.665001

Phyloblatta,Phyloblatta secreta,-80.063004,39.665001

Phyloblatta,Phyloblatta semiplena,86.779999,55.130001

Phyloblatta,Phyloblatta separanda,-95.235001,38.971699

Phyloblatta,Phyloblatta sibirica,86.779999,55.130001

Phyloblatta,Phyloblatta solida,11.800000,51.583000

Phyloblatta,Phyloblatta sommeri,-50.450001,-25.372999

Phyloblatta,Phyloblatta splendens,-106.912003,34.837002

Phyloblatta,Phyloblatta stelzneri,13.877000,51.053001

Phyloblatta,Phyloblatta stirrupi,2.750000,46.290001

Phyloblatta,Phyloblatta thieryi,2.800000,50.400002

Phyloblatta,Phyloblatta transversalis,-2.100000,52.500000

Phyloblatta,Phyloblatta triangularis,86.779999,55.130001

Phyloblatta,Phyloblatta undata,4.410000,45.450001

Phyloblatta,Phyloblatta uniformis,-80.063004,39.665001

Phyloblatta,Phyloblatta uralensis,54.841999,51.882999

Phyloblatta,Phyloblatta virginiana,-80.063004,39.665001

Phyloblatta,Phyloblatta vrsanskyi,56.783001,57.987000

Phyloblatta,Phyloblatta vulgata,-80.063004,39.665001

Phyloblatta,Phyloblatta wettinensis,11.800000,51.583000

Phyloblattidae,Phyloblattidae,99.125000,45.450001

Phylomylacris,Phylomylacris,-3.411000,51.629002

Phylomylacris,Phylomylacris abrupta,-4.063000,51.660999

Phylomylacris,Phylomylacris brevis,2.775000,50.419998

Phylomylacris,Phylomylacris chailleti,2.800000,50.400002

Phylomylacris,Phylomylacris chavyi,2.775000,50.419998

Phylomylacris,Phylomylacris cor,2.800000,50.400002

Phylomylacris,Phylomylacris fougerollesi,2.800000,50.400002

Phylomylacris,Phylomylacris godoni,2.800000,50.400002

Phylomylacris,Phylomylacris lafittei,2.800000,50.400002

Phylomylacris,Phylomylacris lensiana,2.800000,50.400002

Phylomylacris,Phylomylacris lievina,2.775000,50.419998

Phylomylacris,Phylomylacris mantidioides,-1.436000,54.910000

Phylomylacris,Phylomylacris membranacea,-4.038000,51.674999

Phylomylacris,Phylomylacris nervosa,2.800000,50.400002

Phylomylacris,Phylomylacris parallelus,-4.063000,51.660999

Phylomylacris,Phylomylacris pintrandi,2.800000,50.400002

Phylomylacris,Phylomylacris pruvostiana,2.775000,50.419998

Phylomylacris,Phylomylacris reisbachensis,6.905000,49.359699

Piniblattella,Piniblattella limai,-39.720001,-7.140000

Piniblattella,Piniblattella magna,-39.700001,-7.125000

Piniblattella,Piniblattella minuta,112.089996,53.299999

Piniblattella,Piniblattella sharingolensis,109.845001,45.353001

Piniblattella,Piniblattella vitimica,112.089996,53.299999

Plagioblatta,Plagioblatta campbelli,-78.809998,40.650002

Plagioblatta,Plagioblatta cockerelli,-76.500000,40.625000

Platyblatta,Platyblatta propria,7.249000,49.379002

Platyblatta,Platyblatta steinbachensis,6.952778,49.275833

Platyblattina,Platyblattina ampla,4.095000,43.830002

Platymylacris,Platymylacris paucinervis,-88.385002,41.340000

Plectoptera,Plectoptera,-70.750000,19.583332

Plectoptera,Plectoptera electrina,-70.750000,19.583332

Polyetoblatta,Polyetoblatta calopteryx,-81.540001,39.910000

Polyzosteria,Polyzosteria parvula,18.590000,54.439999

Polyzosteria,Polyzosteria tricuspidata,18.590000,54.439999

Ponopterix,Ponopterix axelrodi,-39.700001,-7.125000

Poroblattina,Poroblattina,-105.983330,39.216667

Poroblattina,Poroblattina arcuata,-105.983330,39.216667

Poroblattina,Poroblattina germari,11.800000,51.583000

Poroblattina,Poroblattina gratiosa,-80.063004,39.665001

Poroblattina,Poroblattina lakesii,-105.983330,39.216667

Poroblattina,Poroblattina parvula,11.901000,51.637001

Poroblattina,Poroblattina rotundata,-106.912003,34.837002

Potrerilloblatta,Potrerilloblatta stipanicici,-69.230003,-32.941113

Praeblattella,Praeblattella dichotoma,99.125000,45.450001

Praeblattella,Praeblattella elegans,112.089996,53.299999

Praeblattella,Praeblattella ponomarenkoi,99.125000,45.450001

Praeblattella,Praeblattella zrnko,99.125000,45.450001

Prantlites,Prantlites bohemicus,13.207222,49.713055

Premnoblatta,Premnoblatta duffieuxi,2.800000,50.400002

Proelectrotermes,Proelectrotermes berendtii,18.590000,54.439999

Proelectrotermes,Proelectrotermes fodinae,-105.283333,38.916668

Proelectrotermes,Proelectrotermes holmgreni,96.720001,26.360001

Proelectrotermes,Proelectrotermes roseni,9.525000,48.574001

Proelectrotermes,Proelectrotermes swinhoei,96.720001,26.359167

Progeotrupes,Progeotrupes jurassicus,11.145000,48.910000

Progonoblattina,Progonoblattina heeri,7.050000,46.185001

Progonoblattina,Progonoblattina helvetica,7.050000,46.185001

Proholocompsa,Proholocompsa fossilis,19.940001,54.869999

Prokalotermes,Prokalotermes alderensis,-112.175003,45.209999

Prokalotermes,Prokalotermes hagenii,-105.283333,38.916668

Promylacris,Promylacris ovalis,-88.385002,41.340000

Prostylopyga,Prostylopyga gigantea,2.900000,46.099998

Prostylotermes,Prostylotermes kamboja,73.075554,21.356667

Protectobia,Protectobia primordialis,2.900000,46.099998

Proterema,Proterema rarinervis,12.873000,50.255001

Pruvostia,Pruvostia villeti,2.800000,50.400002

Pruvostianus,Pruvostianus antegressus,2.800000,50.400002

Pseudomylacris,Pseudomylacris wettinense,11.800000,51.583000

Pseudoplecta,Pseudoplecta krassilovi,35.049999,30.000000

Pseudosymploce,Pseudosymploce,-70.750000,19.583332

Pterotermopsis,Pterotermopsis fouldenica,170.221802,-45.527100

Ptilomylacris,Ptilomylacris medialis,-79.065002,41.160000

Ptiloteuthis,Ptiloteuthis foliatus,-122.559998,40.465000

Ptyctoblattina,Ptyctoblattina dilatata,10.739000,52.352001

Ptyctoblattina,Ptyctoblattina simplicior,10.588000,52.356998

Pulchellablatta,Pulchellablatta nana,-67.766670,-29.883333

Pycnoblattina,Pycnoblattina,-97.209999,38.639999

Pycnoscelus,Pycnoscelus,11.953611,51.321945

Pycnoscelus,Pycnoscelus gardneri,-2.090000,50.674999

Rajharablatta,Rajharablatta laskarii,84.040001,24.170000

Raphidiomimula,Raphidiomimula burmitica,96.720001,26.359167

Reticulitermes,Reticulitermes,-1.360000,50.737999

Reticulitermes,Reticulitermes antiquus,19.940001,54.869999

Reticulitermes,Reticulitermes creedei,-106.919998,37.840000

Reticulitermes,Reticulitermes dofleini,9.525000,48.574001

Reticulitermes,Reticulitermes fossarum,-105.283333,38.916668

Reticulitermes,Reticulitermes hartungi,8.933333,47.666668

Reticulitermes,Reticulitermes holmgreni,7.262000,50.747002

Reticulitermes,Reticulitermes laurae,-116.825279,34.944168

Reticulitermes,Reticulitermes minimus,19.940001,54.869999

Reticulitermes,Reticulitermes pliozaenicus,10.109000,51.779999

Rhaetoblattina,Rhaetoblattina brevis,107.129997,20.965000

Rhinotermes,Rhinotermes miocenicus,8.083000,44.716000

Rhinotermites,Rhinotermites dzierzoni,9.525000,48.574001

Rhinotermites,Rhinotermites kuehni,9.525000,48.574001

Rhinotermites,Rhinotermites wasmanni,9.525000,48.574001

Rhinotermitidae,Rhinotermitidae,73.075554,21.356667

Rhipidoblatta,Rhipidoblatta brevivalvata,70.001663,42.897221

Rhipidoblatta,Rhipidoblatta fusca,70.001663,42.897221

Rhipidoblatta,Rhipidoblatta grandis,113.239998,51.985001

Rhipidoblattina,Rhipidoblattina,-2.903611,50.737499

Rhipidoblattina,Rhipidoblattina (Canaliblatta) hebeiensis,117.614998,40.889999

Rhipidoblattina,Rhipidoblattina (Canaliblatta) tenuis,118.324997,40.910000

Rhipidoblattina,Rhipidoblattina (Canaliblatta) yanqingensis,116.010002,40.450001

Rhipidoblattina,Rhipidoblattina angustata,69.512001,39.935001

Rhipidoblattina,Rhipidoblattina beipiaoensis,120.750000,41.750000

Rhipidoblattina,Rhipidoblattina boya,115.230003,-30.260000

Rhipidoblattina,Rhipidoblattina bucklandi,-1.950000,50.599998

Rhipidoblattina,Rhipidoblattina chichengensis,115.940002,40.825001

Rhipidoblattina,Rhipidoblattina decoris,120.833000,41.605000

Rhipidoblattina,Rhipidoblattina elegans,69.512001,39.935001

Rhipidoblattina,Rhipidoblattina emacerata,117.605003,40.959999

Rhipidoblattina,Rhipidoblattina forticrusa,113.449997,27.350000

Rhipidoblattina,Rhipidoblattina fuxinensis,121.514999,42.285000

Rhipidoblattina,Rhipidoblattina geikiei,-1.748000,53.845001

Rhipidoblattina,Rhipidoblattina gurvaniensis,93.948997,46.377998

Rhipidoblattina,Rhipidoblattina jilinensis,126.195000,44.400002

Rhipidoblattina,Rhipidoblattina kisylkiensis,72.128998,40.250000

Rhipidoblattina,Rhipidoblattina lacunata,113.239998,51.985001

Rhipidoblattina,Rhipidoblattina lanceolata,118.324997,40.910000

Rhipidoblattina,Rhipidoblattina latior,69.512001,39.935001

Rhipidoblattina,Rhipidoblattina liaoningensis,120.050003,41.450001

Rhipidoblattina,Rhipidoblattina liugouensis,118.324997,40.910000

Rhipidoblattina,Rhipidoblattina lonchopteris,109.027000,35.224998

Rhipidoblattina,Rhipidoblattina longa,120.285004,41.570000

Rhipidoblattina,Rhipidoblattina maculata,70.001663,42.897221

Rhipidoblattina,Rhipidoblattina magna,129.610001,42.650002

Rhipidoblattina,Rhipidoblattina mayingziensis,120.285004,41.570000

Rhipidoblattina,Rhipidoblattina nanligezhuangensis,120.669998,36.775002

Rhipidoblattina,Rhipidoblattina radipinguis,111.099998,25.129999

Rhipidoblattina,Rhipidoblattina shulanensis,126.195000,44.400002

Rhipidoblattina,Rhipidoblattina spathulata,97.239998,40.150002

Rhipidoblattina,Rhipidoblattina tulunensis,100.309998,54.169998

Rhipidoblattinopsis,Rhipidoblattinopsis latitergata,70.001663,42.897221

Rhodesiomylacris,Rhodesiomylacris bondi,28.510000,-17.629999

Rithma,Rithma daltoni,-1.950000,50.599998

Rithma,Rithma purbeccensis,-1.950000,50.605000

Rithma,Rithma westwoodi,-1.950000,50.599998

Samaroblatta,Samaroblatta,26.833332,-31.466667

Samaroblatta,Samaroblatta acuminata,87.529999,54.497002

Samaroblatta,Samaroblatta africanum,28.750000,-30.420000

Samaroblatta,Samaroblatta blabelloides,152.753998,-27.621000

Samaroblatta,Samaroblatta corrientesina,-67.766670,-29.883333

Samaroblatta,Samaroblatta fronda,131.169998,34.185001

Samaroblatta,Samaroblatta frondoidis,126.080002,42.474998

Samaroblatta,Samaroblatta gausis,104.769997,36.904999

Samaroblatta,Samaroblatta gualoensis,-67.766670,-29.883333

Samaroblatta,Samaroblatta incompleta,92.800003,48.500000

Samaroblatta,Samaroblatta intercalata,152.753998,-27.621000

Samaroblatta,Samaroblatta jonesi,152.753998,-27.621000

Samaroblatta,Samaroblatta kuznetskiensis,87.529999,54.497002

Samaroblatta,Samaroblatta nitida,113.449997,27.350000

Samaroblatta,Samaroblatta parvula,26.833332,-31.466667

Samaroblatta,Samaroblatta reticulata,152.753998,-27.621000

Samaroblatta,Samaroblatta rhypha,113.449997,27.350000

Samaroblatta,Samaroblatta tomica,87.529999,54.497002

Samaroblatta,Samaroblatta triassica,152.753998,-27.621000

Samaroblatta,Samaroblatta turanica,118.059998,31.737499

Samaroblatta,Samaroblatta wangyingziensis,117.605003,40.959999

Samaroblatta,Samaroblatta zhouyingziensis,117.605003,40.959999

Samaroblattella,Samaroblattella kenderlykensis,85.199997,47.500000

Samaroblattella,Samaroblattella revelata,26.833332,-31.466667

Samaroblattula,Samaroblattula,69.512001,39.935001

Samaroblattula,Samaroblattula furcatella,69.512001,39.935001

Samaroblattula,Samaroblattula houchengensis,116.010002,40.450001

Samaroblattula,Samaroblattula lata,116.010002,40.450001

Samaroblattula,Samaroblattula lineata,116.010002,40.450001

Samaroblattula,Samaroblattula lingulata,116.010002,40.450001

Samaroblattula,Samaroblattula oshinensis,92.800003,48.500000

Samaroblattula,Samaroblattula reticulata,96.025002,37.525002

Samaroblattula,Samaroblattula scabra,113.849998,28.014999

Samaroblattula,Samaroblattula subacuta,69.512001,39.935001

Santonitermes,Santonitermes chloeae,-0.695000,45.935001

Santonitermes,Santonitermes transbaikalicus,113.239998,51.985001

Sardycblatta,Sardycblatta tikhvinskii,50.599998,56.375000

Sardyoblatta,Sardyoblatta (Bifurciblatta) pectinata,112.400002,37.830002

Sardyoblatta,Sardyoblatta lata,110.989998,35.990002

Sardyoblatta,Sardyoblatta xiashanensis,110.989998,35.990002

Sardyoblattina,Sardyoblattina kimurai,131.169998,34.185001

Schambeloblattina,Schambeloblattina formosa,8.233333,47.466667

Scleroblatta,Scleroblatta densa,7.247000,48.782001

Scudderula,Scudderula arcta,-80.063004,39.665001

Sellardsula,Sellardsula cordata,-95.235001,38.971699

Sellardsula,Sellardsula radialis,-95.235001,38.971699

Shanxiblatta,Shanxiblatta striata,110.989998,35.990002

Shanxiblatta,Shanxiblatta suni,110.989998,35.990002

Shartegoblattina,Shartegoblattina colorata,109.845001,45.353001

Shartegoblattina,Shartegoblattina elongata,95.776001,44.139000

Sibiroblatta,Sibiroblatta flexuosa,86.779999,55.130001

Sibiroblatta,Sibiroblatta lenticulata,110.989998,35.985001

Simplicius,Simplicius simplex,-87.570000,40.055000

Sinoblatta,Sinoblatta laiyangensis,119.312134,41.156223

Sinogramma,Sinogramma reticularis,109.995003,41.000000

Sivis,Sivis odpo,-0.694000,45.935001

Skok,Skok svaba,70.001663,42.897221

Sobytie,Sobytie tungusicum,100.000000,65.000000

Sociala,Sociala perlucida,-0.694000,45.935001

Sogdoblatta,Sogdoblatta,69.512001,39.935001

Sogdoblatta,Sogdoblatta abakanensis,35.479000,61.014000

Sogdoblatta,Sogdoblatta baleica,100.309998,54.169998

Sogdoblatta,Sogdoblatta compressa,69.512001,39.935001

Sogdoblatta,Sogdoblatta elongata,69.512001,39.935001

Sogdoblatta,Sogdoblatta haifanggouensis,120.785004,41.849998

Sogdoblatta,Sogdoblatta heiheensis,116.010002,40.450001

Sogdoblatta,Sogdoblatta luanpingensis,117.605003,40.959999

Sogdoblatta,Sogdoblatta magnifica,72.128998,40.250000

Sogdoblatta,Sogdoblatta maxima,70.209999,40.055000

Sogdoblatta,Sogdoblatta nana,70.209999,40.055000

Sogdoblatta,Sogdoblatta parvula,92.800003,48.500000

Sogdoblatta,Sogdoblatta porrecta,70.209999,40.055000

Sogdoblatta,Sogdoblatta robusta,72.128998,40.250000

Sogdoblatta,Sogdoblatta shanxiensis,110.769997,37.150002

Sogdoblatta,Sogdoblatta similis,72.128998,40.250000

Solemnia,Solemnia alexandri,107.796997,45.591999

Soliblatta,Soliblatta lampra,113.449997,27.350000

Sooblatta,Sooblatta boltoniana,-3.912500,51.707500

Sooblatta,Sooblatta deanensis,-2.524000,51.825001

Sooblatta,Sooblatta lanceolata,12.745000,50.740002

Sooblatta,Sooblatta stephanensis,4.025000,44.215000

Sooblatta,Sooblatta villeti,-4.063000,51.660999

Sooblattella,Sooblattella britannica,-3.912500,51.707500

Soomylacris,Soomylacris celtica,-3.820000,51.724998

Soomylacris,Soomylacris flexuosus,4.355000,46.715000

Soomylacris,Soomylacris gallica,2.775000,50.419998

Soomylacris,Soomylacris lievinensis,2.775000,50.419998

Soomylacris,Soomylacris lotharingiae,6.815000,49.150002

Soomylacris,Soomylacris northi,-4.038000,51.674999

Soomylacris,Soomylacris obesa,-3.855000,51.661999

Soomylacris,Soomylacris pruvosti,2.800000,50.400002

Soomylacris,Soomylacris strahani,-3.242000,51.652000

Soomylacris,Soomylacris truncata,-3.498000,51.652000

Spargotermes,Spargotermes costalimai,-43.299999,-20.155001

Sphaleroblattina,Sphaleroblattina ingens,11.800000,51.583000

Sphenomylacris,Sphenomylacris singularis,-75.813004,41.313000

Spiloblattina,Spiloblattina homigtalensis,10.780000,50.540001

Spiloblattina,Spiloblattina lawrenceana,-95.235001,38.971699

Spiloblattina,Spiloblattina odernheimensis,7.365000,49.549999

Spiloblattina,Spiloblattina pygmaea,6.790000,49.305000

Spiloblattina,Spiloblattina sperbersbachensis,10.860000,50.680000

Spiloblattina,Spiloblattina variegata,-80.689003,40.414001

Spiloblattina,Spiloblattina weissigensis,-105.983330,39.216667

Spiloblattinidae,Spiloblattinidae,-97.209999,38.639999

Spiloblattinidae,Spiloblattinidae gardinerana,-105.983330,39.216667

Spiloblattinidae,Spiloblattinidae zinkeniana,11.800000,51.583000

Srdiecko,Srdiecko tri,69.916000,42.262001

Stantoniella,Stantoniella cretacea,-111.629997,45.820000

Stegoblatta,Stegoblatta irmgardgroehni,19.940001,54.869999

Stenomylacris,Stenomylacris elegans,-76.394997,40.605000

Stenomylacris,Stenomylacris montagnei,2.800000,50.400002

Stenotegmina,Stenotegmina comivana,120.160004,32.400002

Stephanomylacris,Stephanomylacris,-8.510000,41.185001

Stephanomylacris,Stephanomylacris duriensis,-8.510000,41.185001

Stephanomylacris,Stephanomylacris zbyszewskii,-8.510000,41.185001

Sterzelia,Sterzelia lamurensis,5.770000,44.919998

Sterzelia,Sterzelia steinmanni,8.159000,48.473000

Stolotermes,Stolotermes amanoi,140.675003,38.250000

Stolotermes,Stolotermes kupe,170.221802,-45.527100

Strictiblatta,Strictiblatta longanusis,117.309998,31.820000

Stygetoblatta,Stygetoblatta latipennis,-80.689003,40.414001

Subioblatta,Subioblatta karatavica,70.001663,42.897221

Subioblatta,Subioblatta madygenica,70.209999,40.055000

Subioblatta,Subioblatta recta,85.199997,47.500000

Subioblatta,Subioblatta tongchuanensis,109.027000,35.224998

Subioblatta,Subioblatta undulata,7.362000,48.710999

Subulitermes,Subulitermes hispaniola,-70.750000,19.583332

Subulitermes,Subulitermes insularis,-70.750000,19.583332

Summatiblatta,Summatiblatta colorata,113.449997,27.350000

Supella,Supella (Nemosupella) miocenica,-92.730003,17.149000

Svabula,Svabula vzorkovana,109.845001,45.353001

Syagriotermes,Syagriotermes salomeae,-0.695000,45.935001

Symploce,Symploce rete,39.340000,-6.870000

Syncoptoblatta,Syncoptoblatta thoracica,2.750000,46.290001

Syscioblatta,Syscioblatta allegheniensis,-79.904999,40.490002

Syscioblatta,Syscioblatta anomala,-80.689003,40.414001

Syscioblatta,Syscioblatta dohrni,11.800000,51.583000

Syscioblatta,Syscioblatta euryptera,95.550003,64.059998

Syscioblatta,Syscioblatta kaierkanensis,88.300003,69.320000

Syscioblatta,Syscioblatta minor,-80.689003,40.414001

Syscioblatta,Syscioblatta misera,-80.689003,40.414001

Syscioblatta,Syscioblatta obscura,-80.689003,40.414001

Syscioblatta,Syscioblatta pennsylvanica,-79.949997,40.431000

Syscioblatta,Syscioblatta slusiensis,10.780000,50.540001

Syscioblatta,Syscioblatta steubenvilleana,-80.689003,40.414001

Syscioblatta,Syscioblatta teberdensis,41.740002,43.459999

Sysciolata,Sysciolata vorkutensis,64.045998,67.602997

Sysciophlebia,Sysciophlebia,11.886000,51.675999

Sysciophlebia,Sysciophlebia acutipennis,-80.689003,40.414001

Sysciophlebia,Sysciophlebia adumbrata,-80.689003,40.414001

Sysciophlebia,Sysciophlebia affinis,-80.689003,40.414001

Sysciophlebia,Sysciophlebia alligans,16.670000,49.529999

Sysciophlebia,Sysciophlebia angusta,4.355000,46.715000

Sysciophlebia,Sysciophlebia arcuata,-95.235001,38.971699

Sysciophlebia,Sysciophlebia balteata,-80.063004,39.665001

Sysciophlebia,Sysciophlebia benedicta,-80.689003,40.414001

Sysciophlebia,Sysciophlebia euglyptica,11.800000,51.583000

Sysciophlebia,Sysciophlebia grata,-9.225000,30.625000

Sysciophlebia,Sysciophlebia hercynica,10.785000,51.580002

Sysciophlebia,Sysciophlebia hybrida,-80.689003,40.414001

Sysciophlebia,Sysciophlebia ilfeldensis,10.785000,51.580002

Sysciophlebia,Sysciophlebia intermedia,7.080000,49.360001

Sysciophlebia,Sysciophlebia invisa,-80.063004,39.665001

Sysciophlebia,Sysciophlebia kovacsae,28.500000,-25.500000

Sysciophlebia,Sysciophlebia nana,-80.689003,40.414001

Sysciophlebia,Sysciophlebia obtusa,-80.689003,40.414001

Sysciophlebia,Sysciophlebia oligoneura,11.901000,51.637001

Sysciophlebia,Sysciophlebia patiens,-80.063004,39.665001

Sysciophlebia,Sysciophlebia picta,-80.689003,40.414001

Sysciophlebia,Sysciophlebia praepilata,2.750000,46.290001

Sysciophlebia,Sysciophlebia recidiva,-80.063004,39.665001

Sysciophlebia,Sysciophlebia rotundata,-80.689003,40.414001

Sysciophlebia,Sysciophlebia rubida,15.375000,50.500000

Sysciophlebia,Sysciophlebia schucherti,-80.689003,40.414001

Sysciophlebia,Sysciophlebia scudderi,-80.689003,40.414001

Sysciophlebia,Sysciophlebia stulta,11.800000,51.583000

Sysciophlebia,Sysciophlebia subtilis,11.800000,51.583000

Sysciophlebia,Sysciophlebia variegata,-80.689003,40.414001

Sysciophlebia,Sysciophlebia whitei,-80.689003,40.414001

Taieritermes,Taieritermes krishnai,170.221802,-45.527100

Tamacblatta,Tamacblatta baschkirica,54.660000,53.799999

Tanytermes,Tanytermes anawrahtai,96.720001,26.360001

Tarakanula,Tarakanula shcherbakovi,99.133888,45.446667

Taublatta,Taublatta,69.512001,39.935001

Taublatta,Taublatta curvata,69.512001,39.935001

Taublatta,Taublatta deradialis,104.599998,29.600000

Taublatta,Taublatta dubiosa,69.512001,39.935001

Taublatta,Taublatta grandis,92.800003,48.500000

Taublatta,Taublatta hesta,111.889999,26.490000

Taublatta,Taublatta kisylkiensis,72.128998,40.250000

Taublatta,Taublatta lata,102.915001,29.879999

Taublatta,Taublatta ninghuaensis,116.650002,26.250000

Taublatta,Taublatta niujiaoshiensis,111.099998,25.129999

Taublatta,Taublatta semifoliosa,111.099998,25.129999

Taublatta,Taublatta siccitifoliosa,111.099998,25.129999

Taublatta,Taublatta simplina,85.000000,45.700001

Taublatta,Taublatta strenis,111.889999,26.490000

Taublatta,Taublatta yangshugouensis,120.169998,41.292000

Taublattopsis,Taublattopsis costalis,92.800003,48.500000

Telmablatta,Telmablatta impar,11.953611,51.321945

Temnopteryx,Temnopteryx klebsi,19.940001,54.869999

Termes,Termes,39.340000,-6.870000

Termes,Termes primitivus,-70.750000,19.583332

Termes,Termes siruguei,5.454000,43.523998

Termitidae,Termitidae,35.130001,-3.130000

Termitinae,Termitinae,15.918000,46.164902

Termitotron,Termitotron vendeense,-1.858000,46.882000

Termopsis,Termopsis bremii,19.940001,54.873001

Termopsis,Termopsis gracilipennis,7.525000,47.685001

Termopsis,Termopsis mallaszi,23.011999,45.825001

Termopsis,Termopsis transsylvanica,23.011999,45.825001

Termopsis,Termopsis ukapirmasi,19.940001,54.869999

Testudiblatta,Testudiblatta xilutianensis,123.860001,41.834999

Thuringoblatta,Thuringoblatta gimmi,10.943000,50.956001

Thuringoblatta,Thuringoblatta sogdianensis,70.209999,40.055000

Tomacblatta,Tomacblatta bifurcullata,110.989998,35.985001

Tomacblatta,Tomacblatta reticulata,110.989998,35.990002

Transitoblatta,Transitoblatta reticulata,7.247000,48.782001

Triassoblatta,Triassoblatta,-69.230003,-32.941113

Triassoblatta,Triassoblatta argentina,-67.555000,-29.752001

Triassoblatta,Triassoblatta bella,131.169998,34.185001

Triassoblatta,Triassoblatta cargnini,-53.792000,-29.743000

Triassoblatta,Triassoblatta damiaoliangensis,117.949997,40.900002

Triassoblatta,Triassoblatta dehiscens,152.766006,-27.549000

Triassoblatta,Triassoblatta denmeadi,152.779999,-27.549999

Triassoblatta,Triassoblatta fusiformis,118.324997,40.910000

Triassoblatta,Triassoblatta grandis,152.788406,-27.538601

Triassoblatta,Triassoblatta hyptis,88.500000,42.750000

Triassoblatta,Triassoblatta insignita,152.753998,-27.621000

Triassoblatta,Triassoblatta intermedia,152.753998,-27.621000

Triassoblatta,Triassoblatta intramedia,152.788406,-27.538601

Triassoblatta,Triassoblatta jonesi,152.788406,-27.538601

Triassoblatta,Triassoblatta natalensis,29.500000,-29.500000

Triassoblatta,Triassoblatta obtusa,152.788406,-27.538601

Triassoblatta,Triassoblatta okafujii,131.169998,34.185001

Triassoblatta,Triassoblatta opistodictyna,112.927002,23.254999

Triassoblatta,Triassoblatta ovata,152.788406,-27.538601

Triassoblatta,Triassoblatta phyllopteris,109.027000,35.224998

Triassoblatta,Triassoblatta reducta,148.050003,-41.633999

Triassoblatta,Triassoblatta robusta,26.833332,-31.466667

Triassoblatta,Triassoblatta rotundipenna,131.169998,34.185001

Triassoblatta,Triassoblatta simplex,26.833332,-31.466667

Triassoblatta,Triassoblatta tasmanica,147.294006,-42.860001

Triassoblatta,Triassoblatta tegmina,112.927002,23.254999

Triassoblatta,Triassoblatta tenuicubiti,131.169998,34.185001

Triassoblatta,Triassoblatta triquestra,152.779007,-27.551001

Triassoblatta,Triassoblatta tudupinensis,85.000000,45.700001

Triassoblatta,Triassoblatta typica,152.753998,-27.621000

Triassoblatta,Triassoblatta uralica,60.000000,59.700001

Trilophomylacris,Trilophomylacris cabassuti,2.775000,50.419998

Trilophomylacris,Trilophomylacris virelyi,2.775000,50.419998

Trinervitermes,Trinervitermes,2.250000,6.400000

Turoniblatta,Turoniblatta israelica,35.049999,30.000000

Ulmeriella,Ulmeriella,-0.280000,40.025002

Ulmeriella,Ulmeriella aquisextana,5.454000,43.523998

Ulmeriella,Ulmeriella bauckhorni,7.262000,50.747002

Ulmeriella,Ulmeriella cockerelli,85.370003,48.020000

Ulmeriella,Ulmeriella latahensis,-117.506386,47.640278

Ulmeriella,Ulmeriella martynovi,8.240000,50.040001

Ulmeriella,Ulmeriella pliocenica,4.682000,44.678001

Ulmeriella,Ulmeriella rubiensis,-112.175003,45.209999

Ulmeriella,Ulmeriella shizukuishiensis,140.895004,39.689999

Ulmeriella,Ulmeriella strausi,10.109000,51.779999

Ulmeriella,Ulmeriella uemurai,140.585007,39.814999

Ulmeriella,Ulmeriella willershausensis,10.109000,51.779999

Ungoneurites,Ungoneurites paucinervis,86.010002,55.474998

Uraloblatta,Uraloblatta insignis,57.722000,57.027000

Uraloblatta,Uraloblatta minor,57.722000,57.027000

Valditermes,Valditermes,0.890000,42.020000

Valditermes,Valditermes brenanae,-0.325000,51.133331

Velocitermes,Velocitermes bulbus,-70.750000,19.583332

Vitisma,Vitisma diffusa,99.125000,45.450001

Vitisma,Vitisma occidentalis,0.958000,42.008999

Vitisma,Vitisma orientalis,109.845001,45.353001

Vitisma,Vitisma rasnitsyni,112.089996,53.299999

Vivablatta,Vivablatta orenburgensis,54.841999,51.882999

Vivablatta,Vivablatta pectinacea,54.841999,51.882999

Voltziablatta,Voltziablatta grauvogeli,7.362000,48.710999

Voltziablatta,Voltziablatta intercalata,7.362000,48.710999

Vrtula,Vrtula sama,107.199997,44.099998

Waipiatatermes,Waipiatatermes matatoka,170.221802,-45.527100

Xenoblatta,Xenoblatta,-106.912003,34.837002

Xenoblatta,Xenoblatta adjuncta,86.779999,55.130001

Xenoblatta,Xenoblatta deichmuelleri,13.877000,51.053001

Xenoblatta,Xenoblatta fraterna,-71.364998,41.790001

Xenoblatta,Xenoblatta incelebrata,86.779999,55.130001

Xenoblatta,Xenoblatta leptophlebica,11.901000,51.637001

Xenoblatta,Xenoblatta longa,110.989998,35.990002

Xenoblatta,Xenoblatta martynovi,86.779999,55.130001

Xenoblatta,Xenoblatta muetzei,11.800000,51.583000

Xenoblatta,Xenoblatta ornatissima,7.269722,49.433613

Xenoblatta,Xenoblatta parvitatis,2.750000,46.290001

Xenoblatta,Xenoblatta pennsylvanica,-76.500000,40.625000

Xenoblatta,Xenoblatta ploetziana,-106.912003,34.837002

Xenoblatta,Xenoblatta russoma,11.901000,51.637001

Xenoblatta,Xenoblatta simoniana,11.948000,51.632000

Xenoblatta,Xenoblatta tomiensis,86.779999,55.130001

Xenoblatta,Xenoblatta visenda,86.779999,55.130001

Xonpepetla,Xonpepetla rinconensis,-101.349998,25.250000

Yanjingtermes,Yanjingtermes giganteus,116.080002,39.799999

Yongdingia,Yongdingia opipara,116.080002,39.799999

Zavjaloblatta,Zavjaloblatta rotundata,84.724998,55.070000

Zetobora,Zetobora brunneri,-105.283333,38.916668

Zeunera,Zeunera madeleinae,2.900000,46.099998

Zeunera,Zeunera superba,2.900000,46.099998

Zhujiblatta,Zhujiblatta anofissilis,120.360001,29.726999

Zootermopsis,Zootermopsis coloradensis,-105.283333,38.916668

Zophotermes,Zophotermes,73.075554,21.356667

Zophotermes,Zophotermes ashoki,73.075554,21.356667

